x01001,Captain Phasma - Elite Trooper ,Legendary,AW
x01002,First Order Stormtrooper ,Rare,AW
x01003,General Grievous - Jedi Hunter ,Rare,AW
x01004,General Veers - Field Commander ,Rare,AW
x01005,AT-ST ,Legendary,AW
x01006,First Order TIE Fighter ,Rare,AW
x01007,Commanding Presence ,Legendary,AW
x01008,F-11D Rifle ,Rare,AW
x01009,Count Dooku - Devious Strategist ,Rare,AW
x01010,Darth Vader - Sith Lord ,Legendary,AW
x01011,Kylo Ren - Vader's Disciple ,Rare,AW
x01012,Nightsister ,Rare,AW
x01013,Force Choke ,Legendary,AW
x01014,Immobilize ,Rare,AW
x01015,Kylo Ren's Lightsaber ,Legendary,AW
x01016,Sith Holocron ,Rare,AW
x01017,Infantry Grenades ,Rare,AW
x01018,Speeder Bike Scout ,Rare,AW
x01019,Bala-Tik - Gang Leader ,Rare,AW
x01020,Jabba the Hutt - The Great and Mighty ,Legendary,AW
x01021,Jango Fett - Lethal Mercenary ,Rare,AW
x01022,Tusken Raider ,Rare,AW
x01023,Crime Lord ,Legendary,AW
x01024,Flame Thrower ,Rare,AW
x01025,Gaffi Stick ,Rare,AW
x01026,On The Hunt ,Rare,AW
x01027,Admiral Ackbar - Perceptive Tactician ,Rare,AW
x01028,Leia Organa - Born Leader ,Rare,AW
x01029,Poe Dameron - Ace Pilot ,Legendary,AW
x01030,Rebel Trooper ,Rare,AW
x01031,Launch Bay ,Legendary,AW
x01032,Black One ,Legendary,AW
x01033,Scout ,Rare,AW
x01034,Survival Gear ,Rare,AW
x01035,Luke Skywalker - Jedi Knight ,Legendary,AW
x01036,Padawan ,Rare,AW
x01037,Qui-Gon Jinn - Ataru Master ,Rare,AW
x01038,Rey - Force Prodigy ,Rare,AW
x01039,Force Protection ,Rare,AW
x01040,Jedi Robes ,Rare,AW
x01041,Luke Skywalker's Lightsaber ,Legendary,AW
x01042,One With The Force ,Legendary,AW
x01043,BB-8 ,Rare,AW
x01044,Rey's Staff ,Rare,AW
x01045,Finn - First Order Defector ,Rare,AW
x01046,Han Solo - Scoundrel ,Legendary,AW
x01047,Hired Gun ,Rare,AW
x01048,Padme Amidala - Queen of Naboo ,Rare,AW
x01049,Millennium Falcon ,Legendary,AW
x01050,Diplomatic Immunity ,Rare,AW
x01051,DL-44 Heavy Blaster Pistol ,Rare,AW
x01052,Infiltrate ,Rare,AW
x01053,Outpost ,Rare,AW
x01054,DH-17 Blaster Pistol ,Rare,AW
x01055,IQA-11 Blaster Rifle ,Rare,AW
x01056,Promotion ,Rare,AW
x01057,Force Throw ,Rare,AW
x01058,Force Training ,Rare,AW
x01059,Lightsaber ,Rare,AW
x01060,Mind Probe ,Rare,AW
x01061,Comlink ,Rare,AW
x01062,Datapad ,Rare,AW
x01063,Holdout Blaster ,Rare,AW
x01064,Black Market ,Rare,AW
x01065,Cunning ,Rare,AW
x01066,Jetpack ,Rare,AW
x01067,Thermal Detonator ,Legendary,AW
x01068,Cannon Fodder ,Common,AW
x01069,Closing the Net ,Common,AW
x01070,Endless Ranks ,Uncommon,AW
x01071,Occupation ,Common,AW
x01072,Probe ,Common,AW
x01073,Sweep the Area ,Common,AW
x01074,Tactical Mastery ,Uncommon,AW
x01075,The Best Defense... ,Uncommon,AW
x01076,Drudge Work ,Common,AW
x01077,Local Garrison ,Uncommon,AW
x01078,Personal Escort ,Common,AW
x01079,Abandon All Hope ,Uncommon,AW
x01080,Boundless Ambition ,Common,AW
x01081,Enrage ,Common,AW
x01082,Feel Your Anger ,Common,AW
x01083,Force Strike ,Uncommon,AW
x01084,Intimidate ,Common,AW
x01085,Isolation ,Common,AW
x01086,No Mercy ,Uncommon,AW
x01087,Pulling the Strings ,Common,AW
x01088,Emperor's Favor ,Uncommon,AW
x01089,Power of the Dark Side ,Common,AW
x01090,Hidden In Shadow ,Uncommon,AW
x01091,Nowhere to Run ,Uncommon,AW
x01092,Ace in the Hole ,Uncommon,AW
x01093,Armed to the Teeth ,Common,AW
x01094,Confiscation ,Uncommon,AW
x01095,Fight Dirty ,Uncommon,AW
x01096,Go for the Kill ,Common,AW
x01097,He Doesn't Like You ,Common,AW
x01098,Lying in Wait ,Common,AW
x01099,Backup Muscle ,Common,AW
x01100,My Kind of Scum ,Common,AW
x01101,Underworld Connections ,Uncommon,AW
x01102,Prized Possession ,Uncommon,AW
x01103,Commando Raid ,Uncommon,AW
x01104,Defensive Position ,Common,AW
x01105,Field Medic ,Common,AW
x01106,Hit and Run ,Common,AW
x01107,It's a Trap! ,Uncommon,AW
x01108,Natural Talent ,Common,AW
x01109,Rearm ,Uncommon,AW
x01110,Retreat ,Uncommon,AW
x01111,Strategic Planning ,Common,AW
x01112,Surgical Strike ,Common,AW
x01113,Resistance HQ ,Uncommon,AW
x01114,Anticipate ,Uncommon,AW
x01115,Defensive Stance ,Common,AW
x01116,Force Misdirection ,Common,AW
x01117,Heroism ,Common,AW
x01118,Noble Sacrifice ,Common,AW
x01119,Patience ,Common,AW
x01120,Return of the Jedi ,Uncommon,AW
x01121,Riposte ,Common,AW
x01122,Willpower ,Uncommon,AW
x01123,Jedi Council ,Uncommon,AW
x01124,Awakening ,Common,AW
x01125,The Force is Strong ,Common,AW
x01126,Daring Escape ,Uncommon,AW
x01127,Don't Get Cocky ,Common,AW
x01128,Draw Attention ,Common,AW
x01129,Hyperspace Jump ,Uncommon,AW
x01130,Let The Wookiee Win ,Uncommon,AW
x01131,Negotiate ,Common,AW
x01132,Scavenge ,Common,AW
x01133,Shoot First ,Uncommon,AW
x01134,Smuggling ,Common,AW
x01135,Play the Odds ,Uncommon,AW
x01136,Street Informants ,Common,AW
x01137,Second Chance ,Uncommon,AW
x01138,Award Ceremony ,Common,AW
x01139,Dug in ,Uncommon,AW
x01140,Firepower ,Common,AW
x01141,Leadership ,Uncommon,AW
x01142,Logistics ,Common,AW
x01143,Squad Tactics ,Common,AW
x01144,Supporting Fire ,Uncommon,AW
x01145,Deflect ,Common,AW
x01146,Disturbance in the Force ,Common,AW
x01147,Mind Trick ,Uncommon,AW
x01148,The Power of the Force ,Common,AW
x01149,Use The Force ,Common,AW
x01150,It Binds All Things ,Uncommon,AW
x01151,Aim ,Common,AW
x01152,All In ,Uncommon,AW
x01153,Block ,Common,AW
x01154,Close Quarters Assault ,Common,AW
x01155,Dodge ,Common,AW
x01156,Flank ,Uncommon,AW
x01157,Take Cover ,Common,AW
x01158,Disarm ,Common,AW
x01159,Electroshock ,Uncommon,AW
x01160,Reversal ,Uncommon,AW
x01161,Scramble ,Common,AW
x01162,Unpredictable ,Common,AW
x01163,Infamous ,Uncommon,AW
x01164,Hunker Down ,Common,AW
x01165,Command Center - Lothal ,Uncommon,AW
x01166,Echo Base - Hoth ,Uncommon,AW
x01167,Emperor's Throne Room - Death Star II ,Uncommon,AW
x01168,Frozen Wastes - Starkiller Base ,Common,AW
x01169,Imperial Armory - Death Star ,Common,AW
x01170,Jedi Temple - Coruscant ,Common,AW
x01171,Rebel War Room - Yavin IV ,Common,AW
x01172,Mos Eisley Spaceport - Tatooine ,Common,AW
x01173,Separatist Base - Mustafar ,Common,AW
x01174,Starship Graveyard - Jakku ,Common,AW
x02001,Death Trooper ,Rare,SoR
x02002,FN-2199 - Loyal Trooper ,Rare,SoR
x02003,Director Krennic - Cruel but Brilliant ,Legendary,SoR
x02004,TIE Pilot ,Rare,SoR
x02005,E-Web Emplacement ,Rare,SoR
x02006,Imperial Discipline ,Rare,SoR
x02007,DT-29 Heavy Blaster Pistol ,Rare,SoR
x02008,Z6 Riot Control Baton ,Legendary,SoR
x02009,Asajj Ventress - Force Assassin ,Rare,SoR
x02010,Darth Vader - Dark Apprentice ,Rare,SoR
x02011,Palpatine - Galactic Emperor ,Legendary,SoR
x02012,Royal Guard ,Rare,SoR
x02013,Command Shuttle ,Rare,SoR
x02014,Force Lightning ,Legendary,SoR
x02015,Lightsaber Pike ,Rare,SoR
x02016,Lure of Power ,Rare,SoR
x02017,Interrogation Droid ,Rare,SoR
x02018,Aurra Sing - Deadly Shot ,Rare,SoR
x02019,Guavian Enforcer ,Rare,SoR
x02020,IG-88 - Assassin Droid ,Legendary,SoR
x02021,Unkar Plutt - Junk Dealer ,Rare,SoR
x02022,Slave I ,Legendary,SoR
x02023,Blackmail ,Legendary,SoR
x02024,Personal Shield ,Rare,SoR
x02025,Vibroknucklers ,Rare,SoR
x02026,Baze Malbus - Crack Shot ,Legendary,SoR
x02027,Mon Mothma - Skilled Politician ,Rare,SoR
x02028,Rebel Commando ,Rare,SoR
x02029,"Temmin ""Snap"" Wexley - Recon Specialist ",Rare,SoR
x02030,C-3PO ,Rare,SoR
x02031,U-Wing ,Legendary,SoR
x02032,A180 Blaster ,Rare,SoR
x02033,Overkill ,Rare,SoR
x02034,Jedi Acolyte ,Rare,SoR
x02035,Chirrut Îmwe - Blind Warrior ,Rare,SoR
x02036,Luminara Unduli - Inspiring Commander ,Rare,SoR
x02037,Obi-Wan Kenobi - Mysterious Hermit ,Legendary,SoR
x02038,Delta-7 Interceptor ,Rare,SoR
x02039,Handcrafted Light Bow ,Legendary,SoR
x02040,Force Heal ,Rare,SoR
x02041,Journals of Ben Kenobi ,Rare,SoR
x02042,R2-D2 ,Rare,SoR
x02043,Chewbacca - Loyal Friend ,Legendary,SoR
x02044,Jyn Erso - Reckless Operative ,Rare,SoR
x02045,Maz Kanata - Pirate Queen ,Rare,SoR
x02046,Outer Rim Smuggler ,Rare,SoR
x02047,Smuggling Freighter ,Rare,SoR
x02048,Bowcaster ,Legendary,SoR
x02049,Lone Operative ,Rare,SoR
x02050,Maz's Goggles ,Legendary,SoR
x02051,Supply Line ,Rare,SoR
x02052,Astromech ,Rare,SoR
x02053,Rocket Launcher ,Legendary,SoR
x02054,Force Push ,Rare,SoR
x02055,Force Speed ,Legendary,SoR
x02056,Makashi Training ,Rare,SoR
x02057,Vibroknife ,Rare,SoR
x02058,Quadjumper ,Legendary,SoR
x02059,Ascension Gun ,Rare,SoR
x02060,Con Artist ,Rare,SoR
x02061,Battle Formation ,Common,SoR
x02062,Imperial War Machine ,Uncommon,SoR
x02063,Lockdown ,Common,SoR
x02064,Sustained Fire ,Uncommon,SoR
x02065,Traitor! ,Uncommon,SoR
x02066,Trench Warfare ,Common,SoR
x02067,Undying Loyalty ,Common,SoR
x02068,We Have Them Now ,Uncommon,SoR
x02069,Attrition ,Common,SoR
x02070,Imperial Inspection ,Uncommon,SoR
x02071,Anger ,Uncommon,SoR
x02072,Lightsaber Throw ,Uncommon,SoR
x02073,Manipulate ,Common,SoR
x02074,No Disintegrations ,Common,SoR
x02075,Now You Will Die ,Common,SoR
x02076,Rise Again ,Uncommon,SoR
x02077,The Price of Failure ,Common,SoR
x02078,Dark Presence ,Uncommon,SoR
x02079,Now I Am The Master ,Common,SoR
x02080,Doubt ,Common,SoR
x02081,Arms Deal ,Common,SoR
x02082,Bait and Switch ,Common,SoR
x02083,Friends in High Places ,Uncommon,SoR
x02084,Loose Ends ,Uncommon,SoR
x02085,One-Quarter Portion ,Common,SoR
x02086,Relentless Pursuit ,Common,SoR
x02087,Scrap Buy ,Uncommon,SoR
x02088,Salvage Stand ,Common,SoR
x02089,Armor Plating ,Uncommon,SoR
x02090,Emergency Evacuation ,Uncommon,SoR
x02091,Friendly Fire ,Uncommon,SoR
x02092,Guerrilla Warfare ,Common,SoR
x02093,Our Only Hope ,Uncommon,SoR
x02094,Rebel Assault ,Common,SoR
x02095,Sensor Placement ,Uncommon,SoR
x02096,Spirit of Rebellion ,Common,SoR
x02097,Planetary Uprising ,Uncommon,SoR
x02098,Spy Net ,Common,SoR
x02099,Tactical Aptitude ,Common,SoR
x02100,Caution ,Uncommon,SoR
x02101,Destiny ,Common,SoR
x02102,Determination ,Common,SoR
x02103,Guard ,Uncommon,SoR
x02104,Krayt Dragon Howl ,Common,SoR
x02105,My Ally Is The Force ,Uncommon,SoR
x02106,Synchronicity ,Common,SoR
x02107,Your Eyes Can Deceive You ,Uncommon,SoR
x02108,Protective Mentor ,Common,SoR
x02109,Confidence ,Common,SoR
x02110,Garbage'll Do ,Common,SoR
x02111,Hold On! ,Common,SoR
x02112,Rebel ,Uncommon,SoR
x02113,Long Con ,Common,SoR
x02114,Loth-Cat and Mouse ,Common,SoR
x02115,Never Tell Me The Odds ,Uncommon,SoR
x02116,Planned Explosion ,Uncommon,SoR
x02117,Double-Dealing ,Common,SoR
x02118,Life Debt ,Uncommon,SoR
x02119,Bombing Run ,Uncommon,SoR
x02120,Collateral Damage ,Common,SoR
x02121,Salvo ,Uncommon,SoR
x02122,Suppression ,Common,SoR
x02123,Aftermath ,Common,SoR
x02124,Air Superiority ,Common,SoR
x02125,Training ,Uncommon,SoR
x02126,Wingman ,Common,SoR
x02127,Decisive Blow ,Common,SoR
x02128,High Ground ,Common,SoR
x02129,Momentum Shift ,Uncommon,SoR
x02130,Overconfidence ,Common,SoR
x02131,Premonitions ,Uncommon,SoR
x02132,Rejuvenate ,Common,SoR
x02133,Trust Your Instincts ,Uncommon,SoR
x02134,Meditate ,Common,SoR
x02135,Force Illusion ,Uncommon,SoR
x02136,Evade ,Common,SoR
x02137,New Orders ,Uncommon,SoR
x02138,Parry ,Common,SoR
x02139,Swiftness ,Common,SoR
x02140,Resolve ,Uncommon,SoR
x02141,Ammo Belt ,Common,SoR
x02142,Bolt Hole ,Common,SoR
x02143,Cheat ,Uncommon,SoR
x02144,Diversion ,Common,SoR
x02145,"""Fair"" Trade ",Uncommon,SoR
x02146,Friends in Low Places ,Common,SoR
x02147,Sabotage ,Uncommon,SoR
x02148,Improvisation ,Common,SoR
x02149,Outmaneuver ,Common,SoR
x02150,Fast Hands ,Uncommon,SoR
x02151,Carbon-freezing Chamber - Bespin ,Uncommon,SoR
x02152,Cargo Hold - Eravana ,Common,SoR
x02153,Docking Bay - Finalizer ,Common,SoR
x02154,Ewok Village - Endor ,Common,SoR
x02155,Maz's Castle - Takodana ,Uncommon,SoR
x02156,Moisture Farm - Tatooine ,Uncommon,SoR
x02157,Otoh Gunga - Naboo ,Common,SoR
x02158,Secluded Beach - Scarif ,Common,SoR
x02159,Secret Facility - Scarif ,Uncommon,SoR
x02160,War-Torn Streets - Jedha ,Common,SoR
x03001,Ciena Ree - Adept Pilot ,Rare,EaW
x03002,General Hux - Aspiring Commander ,Rare,EaW
x03003,MagnaGuard ,Rare,EaW
x03004,Thrawn - Master Strategist ,Legendary,EaW
x03005,AT-DP ,Rare,EaW
x03006,Probe Droid ,Rare,EaW
x03007,T-7 Ion Disruptor Rifle ,Legendary,EaW
x03008,Quinlan Vos - Dark Disciple ,Rare,EaW
x03009,Servant of the Dark Side ,Rare,EaW
x03010,Seventh Sister - Agile Inquisitor ,Legendary,EaW
x03011,Grand Inquisitor - Sith Loyalist ,Legendary,EaW
x03012,Darth Vader's TIE Advanced ,Rare,EaW
x03013,ID9 Seeker Droid ,Rare,EaW
x03014,Temptation ,Rare,EaW
x03015,Grand Inquisitor's Lightsaber ,Legendary,EaW
x03016,Bazine Netal - Master Manipulator ,Rare,EaW
x03017,Bossk - Wookiee Slayer ,Rare,EaW
x03018,Cad Bane - Vicious Mercenary ,Legendary,EaW
x03019,Gamorrean Guard ,Rare,EaW
x03020,Hound's Tooth ,Legendary,EaW
x03021,Cable Launcher ,Rare,EaW
x03022,LL-30 Blaster Pistol ,Rare,EaW
x03023,Relby-V10 Mortar Gun ,Rare,EaW
x03024,General Rieekan - Defensive Mastermind ,Rare,EaW
x03025,Hera Syndulla - Phoenix Leader ,Rare,EaW
x03026,K-2SO - Reprogrammed Droid ,Legendary,EaW
x03027,Rookie Pilot ,Rare,EaW
x03028,Ghost ,Legendary,EaW
x03029,Y-Wing ,Rare,EaW
x03030,A280 Blaster Rifle ,Rare,EaW
x03031,Ahsoka Tano - Force Operative ,Legendary,EaW
x03032,Jedi Instructor ,Rare,EaW
x03033,Kanan Jarrus - Rebel Jedi ,Rare,EaW
x03034,Mace Windu - Jedi Champion ,Legendary,EaW
x03035,Training Remote ,Rare,EaW
x03036,Master of the Council ,Legendary,EaW
x03037,Coordination ,Rare,EaW
x03038,Ezra Bridger - Force-sensitive Thief ,Rare,EaW
x03039,Lando Calrissian - Galactic Entrepreneur ,Rare,EaW
x03040,Sabine Wren - Explosives Expert ,Legendary,EaW
x03041,Wookiee Warrior ,Rare,EaW
x03042,Chopper ,Legendary,EaW
x03043,Energy Slingshot ,Rare,EaW
x03044,Tough Haggler ,Rare,EaW
x03045,T-47 Airspeeder ,Rare,EaW
x03046,LR1K Sonic Cannon ,Legendary,EaW
x03047,Electrostaff ,Rare,EaW
x03048,Natural Pilot ,Rare,EaW
x03049,Ancient Lightsaber ,Legendary,EaW
x03050,Psychometry ,Rare,EaW
x03051,Shoto Lightsaber ,Rare,EaW
x03052,Weapons Cache ,Rare,EaW
x03053,BD-1 Cutter Vibro-AX ,Rare,EaW
x03054,Extortion ,Rare,EaW
x03055,X-8 Night Sniper ,Legendary,EaW
x03056,Z-95 Headhunter ,Rare,EaW
x03057,Chance Cube ,Rare,EaW
x03058,EMP Grenades ,Rare,EaW
x03059,Lead by Example ,Rare,EaW
x03060,Scatterblaster ,Rare,EaW
x03061,Commandeer ,Uncommon,EaW
x03062,Crossfire ,Common,EaW
x03063,Drop Your Weapon! ,Uncommon,EaW
x03064,Imperial Backing ,Uncommon,EaW
x03065,Prepare for War ,Common,EaW
x03066,Red Alert ,Common,EaW
x03067,Ruthless Tactics ,Common,EaW
x03068,Take Prisoner ,Uncommon,EaW
x03069,Imperial HQ ,Common,EaW
x03070,As You Command ,Common,EaW
x03071,Cornered Prey ,Common,EaW
x03072,Indomitable ,Common,EaW
x03073,It Will All Be Mine ,Uncommon,EaW
x03074,Kill Them All ,Common,EaW
x03075,Unyielding ,Uncommon,EaW
x03076,Insidious ,Common,EaW
x03077,Hate ,Uncommon,EaW
x03078,Anarchy ,Uncommon,EaW
x03079,Bounty Postings ,Common,EaW
x03080,Buy Out ,Uncommon,EaW
x03081,Coercion ,Uncommon,EaW
x03082,Only Business Matters ,Common,EaW
x03083,Pilfered Goods ,Uncommon,EaW
x03084,Twin Shadows ,Uncommon,EaW
x03085,Hutt Ties ,Common,EaW
x03086,Deadly ,Uncommon,EaW
x03087,No Survivors ,Common,EaW
x03088,Detention Center ,Uncommon,EaW
x03089,All Quiet On The Front ,Uncommon,EaW
x03090,Entrenched ,Uncommon,EaW
x03091,Fortuitous Strike ,Common,EaW
x03092,Rearguard ,Common,EaW
x03093,Reckless Reentry ,Uncommon,EaW
x03094,Strike Briefing ,Common,EaW
x03095,Swift Strike ,Common,EaW
x03096,Rally Aid ,Uncommon,EaW
x03097,Shield Generator ,Common,EaW
x03098,At Peace ,Common,EaW
x03099,Bestow ,Common,EaW
x03100,Bring Balance ,Uncommon,EaW
x03101,Reaping The Crystal ,Uncommon,EaW
x03102,Secret Mission ,Common,EaW
x03103,Trust The Force ,Common,EaW
x03104,Funeral Pyre ,Common,EaW
x03105,Yoda's Quarters ,Uncommon,EaW
x03106,Fearless ,Uncommon,EaW
x03107,Against The Odds ,Common,EaW
x03108,Appraise ,Common,EaW
x03109,Bad Feeling ,Common,EaW
x03110,Double-Cross ,Uncommon,EaW
x03111,Impersonate ,Uncommon,EaW
x03112,Local Patrol ,Common,EaW
x03113,Quick Escape ,Uncommon,EaW
x03114,Tenacity ,Common,EaW
x03115,Running Interference ,Uncommon,EaW
x03116,Thermal Paint ,Common,EaW
x03117,Defiance ,Common,EaW
x03118,Covering Fire ,Common,EaW
x03119,Deploy Squadron ,Common,EaW
x03120,Fall Back ,Uncommon,EaW
x03121,Feint ,Uncommon,EaW
x03122,Flanking Maneuver ,Uncommon,EaW
x03123,Heat Of Battle ,Common,EaW
x03124,Pinned Down ,Common,EaW
x03125,The Day is Ours ,Common,EaW
x03126,Drop Zone ,Uncommon,EaW
x03127,Tech Team ,Common,EaW
x03128,Battle of Wills ,Uncommon,EaW
x03129,Force Vision ,Common,EaW
x03130,Lightsaber Pull ,Common,EaW
x03131,Lightsaber Training ,Common,EaW
x03132,No Surrender ,Common,EaW
x03133,Something Familiar ,Uncommon,EaW
x03134,Voices Cry Out ,Common,EaW
x03135,Keen Instincts ,Uncommon,EaW
x03136,Battle Rage ,Common,EaW
x03137,Disable ,Common,EaW
x03138,Persuade ,Common,EaW
x03139,Pickpocket ,Common,EaW
x03140,Threaten ,Uncommon,EaW
x03141,Trickery ,Uncommon,EaW
x03142,Truce ,Common,EaW
x03143,Stolen Cache ,Common,EaW
x03144,Hidden Agenda ,Uncommon,EaW
x03145,Mandalorian Armor ,Common,EaW
x03146,Dangerous Mission ,Common,EaW
x03147,Endurance ,Uncommon,EaW
x03148,Partnership ,Common,EaW
x03149,Recycle ,Common,EaW
x03150,Rend ,Common,EaW
x03151,Roll On ,Common,EaW
x03152,Plastoid Armor ,Common,EaW
x03153,B'Omarr Monastery - Teth ,Common,EaW
x03154,Fort Anaxes - Anaxes ,Uncommon,EaW
x03155,Garel Spaceport - Garel ,Uncommon,EaW
x03156,Imperial Academy - Lothal ,Uncommon,EaW
x03157,Main Plaza - Vashka ,Common,EaW
x03158,Medical Center - Kaliida Shoals ,Uncommon,EaW
x03159,Port District - Bespin ,Uncommon,EaW
x03160,Weapons Factory Alpha - Cymoon 1 ,Uncommon,EaW
x04001,Kylo Ren - Tormented One ,Legendary,TPG
x04002,Captain Phasma - Ruthless Tactician ,Rare,TPG
x04003,Droid Commandos ,Legendary,TPG
x04004,Captain Phasma's Blaster ,Rare,TPG
x04005,Praetorian Guard ,Rare,TPG
x04006,Dark Counsel ,Rare,TPG
x04007,Crossguard Lightsaber ,Rare,TPG
x04008,Force Stasis ,Rare,TPG
x04009,Jedi Rival ,Uncommon,TPG
x04010,Armored Support ,Uncommon,TPG
x04011,First Strike ,Uncommon,TPG
x04012,I Have You Now ,Common,TPG
x04013,Imperial Envoy ,Common,TPG
x04014,Mobilize ,Common,TPG
x04015,Tactical Mastery ,Uncommon,TPG
x04016,As I Have Foreseen ,Common,TPG
x04017,Clash ,Common,TPG
x04018,Intimidate ,Common,TPG
x04019,Your Skills Are Complete ,Common,TPG
x04020,Doubt ,Common,TPG
x04021,Parry ,Common,TPG
x04022,Subjugate ,Common,TPG
x04023,Hangar Bay - Imperial Fleet ,Uncommon,TPG
x04024,Rey - Finding The Ways ,Legendary,TPG
x04025,Poe Dameron - More Than A Pilot ,Rare,TPG
x04026,Medical Droid ,Rare,TPG
x04027,Strike Team ,Rare,TPG
x04028,Teamwork ,Rare,TPG
x04029,Poe Dameron's Blaster ,Rare,TPG
x04030,Rey's Lightsaber ,Legendary,TPG
x04031,Inner Strength ,Rare,TPG
x04032,Luke's Protection ,Uncommon,TPG
x04033,Honor Guard ,Common,TPG
x04034,Direct Hit ,Common,TPG
x04035,Logistics ,Uncommon,TPG
x04036,Recon ,Common,TPG
x04037,Strategic Planning ,Common,TPG
x04038,Concentrate ,Uncommon,TPG
x04039,Defensive Stance ,Common,TPG
x04040,Distraction ,Common,TPG
x04041,Do Or Do Not ,Common,TPG
x04042,Fierce Resolve ,Common,TPG
x04043,Evade ,Common,TPG
x04044,Flank ,Common,TPG
x04045,Sound The Alarm ,Common,TPG
x04046,Obi-Wan's Hut - Tatooine ,Uncommon,TPG
x05001,Dark Advisor ,Rare,LEG
x05002,Maul - Vengeful One ,Legendary,LEG
x05003,Mother Talzin - Nightsister Matriarch ,Rare,LEG
x05004,Palpatine - Darth Sidious ,Rare,LEG
x05005,Kylo Ren's Starfighter ,Legendary,LEG
x05006,Crystal Ball ,Rare,LEG
x05007,Force Rend ,Rare,LEG
x05008,Maul's Lightsaber ,Legendary,LEG
x05009,Battle Droid ,Rare,LEG
x05010,Kallus - Agent of the Empire ,Rare,LEG
x05011,Nute Gunray - Separatist Viceroy ,Rare,LEG
x05012,Tarkin - Grand Moff ,Legendary,LEG
x05013,Veteran Stormtrooper ,Rare,LEG
x05014,Separatist Landing Craft ,Rare,LEG
x05015,Fragmentation Grenade ,Rare,LEG
x05016,Grand Moff ,Legendary,LEG
x05017,Kallus' Bo-Rifle ,Legendary,LEG
x05018,Bib Fortuna - Majordomo ,Rare,LEG
x05019,Boba Fett - Deadly Mercenary ,Rare,LEG
x05020,Doctor Aphra - Artifact Hunter ,Legendary,LEG
x05021,Greedo - Unlucky Mercenary ,Legendary,LEG
x05022,Rebel Traitor ,Rare,LEG
x05023,Ark Angel ,Rare,LEG
x05024,BT-1 ,Rare,LEG
x05025,Slave I ,Rare,LEG
x05026,Hunter Instinct ,Rare,LEG
x05027,Wrist Rockets ,Rare,LEG
x05028,BB-9E ,Rare,LEG
x05029,Aayla Secura - Jedi General ,Rare,LEG
x05030,Jedi Temple Guard ,Rare,LEG
x05031,Luke Skywalker - Unlikely Hero ,Rare,LEG
x05032,Obi-Wan Kenobi - Jedi Master ,Rare,LEG
x05033,Yoda - Wizened Master ,Legendary,LEG
x05034,ETA-2 Interceptor ,Rare,LEG
x05035,R2-D2 ,Rare,LEG
x05036,Force Meditation ,Rare,LEG
x05037,Obi-Wan Kenobi's Lightsaber ,Legendary,LEG
x05038,Clone Trooper ,Rare,LEG
x05039,Finn - Soldier of Necessity ,Legendary,LEG
x05040,Rose - Skilled Mechanic ,Rare,LEG
x05041,Wedge Antilles - Squad Leader ,Rare,LEG
x05042,Mortar Team ,Rare,LEG
x05043,Resistance Bomber ,Rare,LEG
x05044,Camouflaged Rifle ,Rare,LEG
x05045,Rebellion Leader ,Legendary,LEG
x05046,Han Solo - Savvy Smuggler ,Rare,LEG
x05047,Jar Jar Binks - Clumsy Outcast ,Rare,LEG
x05048,Jedha Partisan ,Rare,LEG
x05049,Saw Gerrera - Extremist Leader ,Legendary,LEG
x05050,Zeb Orrelios - The Last Lasat ,Legendary,LEG
x05051,Runaway Boomas ,Rare,LEG
x05052,Millennium Falcon ,Rare,LEG
x05053,Roguish Charm ,Rare,LEG
x05054,Zeb Orrelios' Bo-Rifle ,Legendary,LEG
x05055,Republic Cruiser ,Rare,LEG
x05056,Force Focus ,Rare,LEG
x05057,Force Wave ,Legendary,LEG
x05058,Heirloom Lightsaber ,Rare,LEG
x05059,Hush-98 Comlink ,Rare,LEG
x05060,Ground Battalion ,Rare,LEG
x05061,Lookout Post ,Rare,LEG
x05062,Auto Cannon ,Rare,LEG
x05063,E-11 Blaster ,Rare,LEG
x05064,74-Z Speeder Bike ,Rare,LEG
x05065,Hondo Ohnaka - Respected Businessman ,Rare,LEG
x05066,Pirate Speeder Tank ,Legendary,LEG
x05067,Bartering ,Rare,LEG
x05068,Gang Up ,Rare,LEG
x05069,Vibrocutlass ,Rare,LEG
x05070,Modified HWK-290 ,Rare,LEG
x05071,Canto Bight Pistol ,Rare,LEG
x05072,Hidden Blaster ,Rare,LEG
x05073,Hunting Rifle ,Rare,LEG
x05074,Stun Baton ,Rare,LEG
x05075,Consumed By The Dark Side ,Common,LEG
x05076,Dark Scheme ,Common,LEG
x05077,Double Strike ,Uncommon,LEG
x05078,Frighten ,Common,LEG
x05079,I Am Your Father ,Uncommon,LEG
x05080,Snare ,Uncommon,LEG
x05081,Spell of Removal ,Common,LEG
x05082,Witch Magick ,Common,LEG
x05083,Nightsister Coven ,Uncommon,LEG
x05084,Battle Fatigue ,Common,LEG
x05085,Crush the Rebellion ,Uncommon,LEG
x05086,Imperial Might ,Common,LEG
x05087,Scorched Earth ,Uncommon,LEG
x05088,Shrapnel Blast ,Common,LEG
x05089,Target Practice ,Common,LEG
x05090,Three Steps Ahead ,Uncommon,LEG
x05091,Command Bridge ,Uncommon,LEG
x05092,Delve ,Uncommon,LEG
x05093,Free-For-All ,Uncommon,LEG
x05094,In Pursuit ,Uncommon,LEG
x05095,No Good To Me Dead ,Common,LEG
x05096,Rumors ,Common,LEG
x05097,Subdue ,Common,LEG
x05098,Take Flight ,Common,LEG
x05099,Outnumber ,Common,LEG
x05100,Adapt ,Common,LEG
x05101,Ataru Strike ,Uncommon,LEG
x05102,Heightened Awareness ,Common,LEG
x05103,Investigate ,Common,LEG
x05104,Strength Through Weakness ,Uncommon,LEG
x05105,Unbreakable ,Common,LEG
x05106,Defensive Teaching ,Uncommon,LEG
x05107,Yoda's Hut ,Uncommon,LEG
x05108,Attack Run ,Common,LEG
x05109,Equip ,Common,LEG
x05110,Final Moment ,Uncommon,LEG
x05111,Light 'Em Up ,Common,LEG
x05112,Mend ,Uncommon,LEG
x05113,Refit ,Common,LEG
x05114,Special Modification ,Uncommon,LEG
x05115,Suppression Field ,Uncommon,LEG
x05116,Bravado ,Common,LEG
x05117,Easy Pickings ,Uncommon,LEG
x05118,Explosive Tactics ,Uncommon,LEG
x05119,Impulsive ,Common,LEG
x05120,Scruffy Looking Nerf-Herder ,Common,LEG
x05121,Smuggler's Run ,Common,LEG
x05122,Maz's Vault ,Uncommon,LEG
x05123,Diplomatic Protection ,Uncommon,LEG
x05124,Into The Garbage Chute ,Uncommon,LEG
x05125,Alter ,Common,LEG
x05126,Ancient Wisdom ,Common,LEG
x05127,Feel The Force ,Common,LEG
x05128,Invigorate ,Common,LEG
x05129,Legacies ,Uncommon,LEG
x05130,Mislead ,Common,LEG
x05131,Respite ,Common,LEG
x05132,Stronger You Have Become ,Uncommon,LEG
x05133,The Force Is With Me ,Common,LEG
x05134,Perseverance ,Common,LEG
x05135,Resilient ,Uncommon,LEG
x05136,Crackdown ,Common,LEG
x05137,Crash Landing ,Common,LEG
x05138,Law and Order ,Common,LEG
x05139,Locked and Loaded ,Common,LEG
x05140,Reinforce ,Uncommon,LEG
x05141,Strength in Numbers ,Common,LEG
x05142,Sudden Impact ,Uncommon,LEG
x05143,Superior Position ,Common,LEG
x05144,Target Intel ,Common,LEG
x05145,Bubble Shield ,Uncommon,LEG
x05146,Cover Team ,Common,LEG
x05147,Bamboozle ,Common,LEG
x05148,Cantina Brawl ,Uncommon,LEG
x05149,Counter Strike ,Common,LEG
x05150,Dangerous Maneuver ,Common,LEG
x05151,Entangle ,Common,LEG
x05152,Face-Off ,Common,LEG
x05153,Hasty Exit ,Common,LEG
x05154,Lure ,Uncommon,LEG
x05155,Quick Draw ,Common,LEG
x05156,Vandalize ,Uncommon,LEG
x05157,Well-Connected ,Common,LEG
x05158,Defend ,Common,LEG
x05159,Dive ,Common,LEG
x05160,Ice Storm ,Common,LEG
x05161,No Cheating ,Uncommon,LEG
x05162,Shelter ,Common,LEG
x05163,Backup Specialist ,Common,LEG
x05164,Remote Stockpile ,Common,LEG
x05165,Scrap Heap ,Uncommon,LEG
x05166,Bodyguard ,Uncommon,LEG
x05167,Quickdraw Holster ,Common,LEG
x05168,Espionage ,Uncommon,LEG
x05169,Fortify ,Uncommon,LEG
x05170,Preemptive Strike ,Uncommon,LEG
x05171,Profitable Connection ,Uncommon,LEG
x05172,Stolen Intel ,Common,LEG
x05173,Taking Ground ,Common,LEG
x05174,Arid Wasteland - Geonosis ,Common,LEG
x05175,Citadel Landing Zone - Scarif ,Common,LEG
x05176,Imperial Palace - Coruscant ,Uncommon,LEG
x05177,Launch Deck - Home One ,Uncommon,LEG
x05178,Outer Rim Outpost - Nal Hutta ,Common,LEG
x05179,Petranaki Arena - Geonosis ,Common,LEG
x05180,Power Generator Trench - Death Star I ,Uncommon,LEG
x06001,Anakin Skywalker - Conflicted Apprentice ,Legendary,RIV
x06002,Lobot - Cyborg Aide ,Rare,RIV
x06003,Ketsu Onyo - Black Sun Operative ,Rare,RIV
x06004,Jawa Scavenger ,Rare,RIV
x06005,Hidden Motive ,Common,RIV
x06006,Crafted Lightsaber ,Legendary,RIV
x06007,Targeting Computer ,Uncommon,RIV
x06008,Fang Fighter ,Rare,RIV
x06009,Tinker ,Common,RIV
x06010,Verpine Sniper Rifle ,Rare,RIV
x06011,Emulate ,Common,RIV
x06012,Fight Back ,Common,RIV
x06013,Resourceful ,Common,RIV
x06014,Surprise Attack ,Uncommon,RIV
x06015,Supply Pack ,Uncommon,RIV
x06016,T-21 Repeating Blaster ,Rare,RIV
x06017,Vibrosword ,Rare,RIV
x06018,Bespin Wing Guard ,Common,RIV
x06019,Dry Fields - Atollon ,Common,RIV
x06020,Sith Temple - Malachor ,Common,RIV
x07001,Count Dooku - Darth Tyranus ,Rare,WotF
x07002,Fifth Brother - Intimidating Enforcer ,Rare,WotF
x07003,Force Sensitive Outcast ,Rare,WotF
x07004,Snoke - Supreme Leader ,Legendary,WotF
x07005,Crush Hope ,Uncommon,WotF
x07006,Dark Ritual ,Uncommon,WotF
x07007,Lack of Faith ,Uncommon,WotF
x07008,No Escape ,Common,WotF
x07009,Power From Pain ,Uncommon,WotF
x07010,Triple Threat ,Common,WotF
x07011,Undermine ,Common,WotF
x07012,Dark Empowerment ,Common,WotF
x07013,Count Dooku's Solar Sailer ,Rare,WotF
x07014,Bardottan Sphere ,Rare,WotF
x07015,Fifth Brother's Lightsaber ,Legendary,WotF
x07016,Force Fear ,Rare,WotF
x07017,Torment ,Common,WotF
x07018,Arihnda Pryce - Unscrupulous Governor ,Rare,WotF
x07019,Executioner ,Rare,WotF
x07020,Firmus Piett - Ambitious Admiral ,Rare,WotF
x07021,General Grievous - Fearsome Cyborg ,Legendary,WotF
x07022,Art of War ,Uncommon,WotF
x07023,Furious Assault ,Uncommon,WotF
x07024,Machine Replacement ,Common,WotF
x07025,Opening Volley ,Common,WotF
x07026,Overrun ,Uncommon,WotF
x07027,Testing Procedure ,Common,WotF
x07028,Well-armed ,Common,WotF
x07029,Blockade ,Uncommon,WotF
x07030,Climate Disruption Array ,Uncommon,WotF
x07031,General Grievous' Wheel Bike ,Legendary,WotF
x07032,Imperial Troop Transport ,Rare,WotF
x07033,Planetary Bombardment ,Legendary,WotF
x07034,Executioner's Axe ,Rare,WotF
x07035,DJ - Treacherous Rogue ,Legendary,WotF
x07036,Jabba The Hutt - Renowned Gangster ,Rare,WotF
x07037,Mandalorian Super Commando ,Rare,WotF
x07038,Sebulba - Cutthroat Podracer ,Rare,WotF
x07039,By Any Means ,Common,WotF
x07040,Cocky ,Common,WotF
x07041,Extreme Hubris ,Uncommon,WotF
x07042,Nefarious Deed ,Common,WotF
x07043,Paid Off ,Uncommon,WotF
x07044,Partners in Crime ,Common,WotF
x07045,Quarrel ,Common,WotF
x07046,Rancorous ,Uncommon,WotF
x07047,Sebulba Always Wins ,Uncommon,WotF
x07048,Sticky Situation ,Common,WotF
x07049,0-0-0 ,Rare,WotF
x07050,Sebulba's Podracer ,Rare,WotF
x07051,Formidable ,Legendary,WotF
x07052,Underhanded Tactics ,Rare,WotF
x07053,Way of the Dark ,Common,WotF
x07054,Ezra Bridger - Aspiring Jedi ,Rare,WotF
x07055,Jedi Sentinel ,Rare,WotF
x07056,Luke Skywalker - Reluctant Instructor ,Legendary,WotF
x07057,Plo Koon - Jedi Protector ,Rare,WotF
x07058,Fond Memories ,Common,WotF
x07059,Loth-Wolf Bond ,Common,WotF
x07060,Luke's Training ,Uncommon,WotF
x07061,Pacify ,Uncommon,WotF
x07062,Propel ,Common,WotF
x07063,Renewed Purpose ,Common,WotF
x07064,Steadfast ,Common,WotF
x07065,Plo Koon's Starfighter ,Rare,WotF
x07066,A99 Aquata Breather ,Uncommon,WotF
x07067,Ezra Bridger's Lightsaber ,Legendary,WotF
x07068,Guardian of the Whills ,Uncommon,WotF
x07069,Luke Skywalker's Lightning Rod ,Rare,WotF
x07070,There Is No Try ,Rare,WotF
x07071,Boss Nass - Bombastic Ruler ,Rare,WotF
x07072,Gungan Warrior ,Rare,WotF
x07073,Leia Organa - Heart of the Resistance ,Legendary,WotF
x07074,Rex - Clone Captain ,Legendary,WotF
x07075,Blaze of Glory ,Common,WotF
x07076,Desperate Hour ,Common,WotF
x07077,First Aid ,Common,WotF
x07078,Gungan Offensive ,Uncommon,WotF
x07079,Motivate ,Uncommon,WotF
x07080,Reposition ,Common,WotF
x07081,Long-Term Plan ,Uncommon,WotF
x07082,Gungan Catapult ,Rare,WotF
x07083,Resistance Crait Speeder ,Rare,WotF
x07084,Suppressive Fire ,Uncommon,WotF
x07085,Electropole ,Rare,WotF
x07086,Inspiring Presence ,Uncommon,WotF
x07087,Rex's Blaster Pistol ,Legendary,WotF
x07088,Anakin Skywalker - Podracing Prodigy ,Rare,WotF
x07089,Bo-Katan Kryze - Deathwatch Lieutenant ,Rare,WotF
x07090,Cassian Andor - Rebellion Operative ,Legendary,WotF
x07091,Trusted Informant ,Rare,WotF
x07092,Clandestine Operation ,Uncommon,WotF
x07093,Closing the Deal ,Common,WotF
x07094,Defensive Racing ,Uncommon,WotF
x07095,Dumb Luck ,Uncommon,WotF
x07096,Mechanical Insight ,Common,WotF
x07097,Narrow Escape ,Common,WotF
x07098,Rigged Detonation ,Common,WotF
x07099,Righteous Cause ,Common,WotF
x07100,Scoping the Target ,Uncommon,WotF
x07101,Shootout ,Common,WotF
x07102,Anakin Skywalker's Podracer ,Rare,WotF
x07103,N-1 Starfighter ,Rare,WotF
x07104,CR-2 Heavy Blaster ,Rare,WotF
x07105,Stealthy ,Legendary,WotF
x07106,Way of the Light ,Common,WotF
x07107,Dex's Diner ,Uncommon,WotF
x07108,Become One ,Common,WotF
x07109,Beguile ,Common,WotF
x07110,Control ,Uncommon,WotF
x07111,Division in the Force ,Common,WotF
x07112,Flames of the Past ,Uncommon,WotF
x07113,Peace and Quiet ,Common,WotF
x07114,Turn the Tide ,Common,WotF
x07115,Built to Last ,Uncommon,WotF
x07116,Honed Skills ,Common,WotF
x07117,Dagger of Mortis ,Legendary,WotF
x07118,Force Jump ,Rare,WotF
x07119,Way of the Force ,Uncommon,WotF
x07120,Change of Fate ,Common,WotF
x07121,Glancing Shot ,Common,WotF
x07122,Grand Entrance ,Common,WotF
x07123,Hostile Takeover ,Uncommon,WotF
x07124,Overload ,Common,WotF
x07125,Reconstruct ,Common,WotF
x07126,Take the Fight to Them ,Common,WotF
x07127,Home Turf Advantage ,Uncommon,WotF
x07128,Ammo Reserves ,Common,WotF
x07129,ARC-170 Starfighter ,Rare,WotF
x07130,Hailfire Droid Tank ,Legendary,WotF
x07131,Weapon Master ,Common,WotF
x07132,Friend or Foe ,Common,WotF
x07133,In The Crosshairs ,Common,WotF
x07134,Podracer Betting ,Uncommon,WotF
x07135,Reprogram ,Uncommon,WotF
x07136,Risky Move ,Uncommon,WotF
x07137,Start Your Engines! ,Uncommon,WotF
x07138,Calling in Favors ,Uncommon,WotF
x07139,Prized Goods ,Common,WotF
x07140,Streetwise ,Common,WotF
x07141,XS Stock Light Freighter ,Rare,WotF
x07142,Darksaber ,Legendary,WotF
x07143,Mandalorian Vambraces ,Rare,WotF
x07144,Respected Businessman ,Common,WotF
x07145,V-1 Thermal Detonator ,Rare,WotF
x07146,Extract ,Common,WotF
x07147,Free Fall ,Common,WotF
x07148,Made to Suffer ,Uncommon,WotF
x07149,Nature's Charm ,Common,WotF
x07150,Quell ,Common,WotF
x07151,Under Attack ,Common,WotF
x07152,Lotho Minor Junkers ,Rare,WotF
x07153,Podracer ,Rare,WotF
x07154,Macrobinoculars ,Rare,WotF
x07155,Boonta Eve Classic ,Uncommon,WotF
x07156,Arena of Death - Nar Shaddaa ,Uncommon,WotF
x07157,Bendu's Lair - Atollon ,Rare,WotF
x07158,Comm Tower - Scarif ,Common,WotF
x07159,Mos Espa Arena - Tatooine ,Uncommon,WotF
x07160,Rift Valley - Dathomir ,Uncommon,WotF
x08001,Darth Vader - Terror To Behold ,Legendary,AtG
x08002,Luce - Callous Nightsister ,Rare,AtG
x08003,Nightbrother ,Rare,AtG
x08004,Savage Opress - Reckless Warrior ,Rare,AtG
x08005,Burst Of Lightning ,Common,AtG
x08006,Endow ,Uncommon,AtG
x08007,Fear and Dead Men ,Uncommon,AtG
x08008,I Am The Senate ,Uncommon,AtG
x08009,Let The Hate Flow ,Common,AtG
x08010,Darth Vader's Meditation Chamber ,Uncommon,AtG
x08011,Galactic Deception ,Common,AtG
x08012,Stifle ,Uncommon,AtG
x08013,Vader's Fist ,Legendary,AtG
x08014,Bloodlust ,Common,AtG
x08015,Chain Sickle ,Rare,AtG
x08016,Darth Vader's Lightsaber ,Legendary,AtG
x08017,Energy Bow ,Rare,AtG
x08018,Iden Versio - Inferno Squad Commander ,Legendary,AtG
x08019,"""Mauler"" Mithel - Vader's Wingman ",Rare,AtG
x08020,Super Battle Droid ,Rare,AtG
x08021,Wullf Yularen - ISB Colonel ,Rare,AtG
x08022,Browbeat ,Common,AtG
x08023,Commence Primary Ignition ,Uncommon,AtG
x08024,Drop 'Em ,Uncommon,AtG
x08025,Hatching A Plan ,Common,AtG
x08026,Imposing Presence ,Common,AtG
x08027,In Tandem ,Common,AtG
x08028,Questioned Loyalty ,Uncommon,AtG
x08029,Reach The Stars ,Common,AtG
x08030,Black Two ,Rare,AtG
x08031,TIE Fighter ,Rare,AtG
x08032,Umbaran Hover Tank ,Legendary,AtG
x08033,Vigilance ,Common,AtG
x08034,Inferno Squad ID10 Seeker Droid ,Rare,AtG
x08035,Dryden Vos - Ruthless Crime Lord ,Legendary,AtG
x08036,Tobias Beckett - Thief For Hire ,Legendary,AtG
x08037,Val - Headstrong Renegade ,Rare,AtG
x08038,Act Of Cruelty ,Common,AtG
x08039,Cunning Ruse ,Common,AtG
x08040,Exploit ,Common,AtG
x08041,First Claim ,Common,AtG
x08042,Heated Confrontation ,Common,AtG
x08043,In a Bind ,Uncommon,AtG
x08044,Shakedown ,Common,AtG
x08045,Sidestep ,Uncommon,AtG
x08046,Wanton Destruction ,Uncommon,AtG
x08047,Déjà Vu ,Uncommon,AtG
x08048,Firespray-31 ,Rare,AtG
x08049,Relentless ,Common,AtG
x08050,Donderbus Blaster Pistol ,Rare,AtG
x08051,Grappling Boa ,Rare,AtG
x08052,Tobias Beckett's Rifle ,Rare,AtG
x08053,Vow Of Vengeance ,Uncommon,AtG
x08054,Retribution ,Uncommon,AtG
x08055,Barriss Offee - Studious Padawan ,Rare,AtG
x08056,Force Mystic ,Rare,AtG
x08057,Kit Fisto - Shii-cho Master ,Rare,AtG
x08058,Qui-Gon Jinn - Defiant Jedi Master ,Legendary,AtG
x08059,Bewilder ,Common,AtG
x08060,Finishing Strike ,Uncommon,AtG
x08061,Gathering Intelligence ,Common,AtG
x08062,Hold Off ,Common,AtG
x08063,Insight ,Common,AtG
x08064,Into Exile ,Uncommon,AtG
x08065,Repulse ,Common,AtG
x08066,Safeguard ,Common,AtG
x08067,Immutability ,Common,AtG
x08068,Counterstroke ,Rare,AtG
x08069,Lightsaber Training Staff ,Rare,AtG
x08070,Pillio Star Compass ,Rare,AtG
x08071,Qui-Gon Jinn's Lightsaber ,Legendary,AtG
x08072,Biggs Darklighter - Rebellion Ace ,Rare,AtG
x08073,Clone Commander Cody - Loyal Strategist ,Rare,AtG
x08074,Jyn Erso - Daring Infiltrator ,Legendary,AtG
x08075,Rebel Engineer ,Rare,AtG
x08076,Aerial Advantage ,Common,AtG
x08077,Attack of The Clones ,Uncommon,AtG
x08078,Dogfight ,Uncommon,AtG
x08079,Evacuate ,Uncommon,AtG
x08080,Inflame ,Common,AtG
x08081,Outgun ,Common,AtG
x08082,Turn The Tables ,Uncommon,AtG
x08083,Armed Escort ,Common,AtG
x08084,BB-8 ,Legendary,AtG
x08085,Black One ,Rare,AtG
x08086,X-Wing ,Rare,AtG
x08087,Jyn Erso's Blaster ,Legendary,AtG
x08088,R2 Astromech ,Common,AtG
x08089,Lando Calrissian - Smooth and Sophisticated ,Legendary,AtG
x08090,Leia Organa - Boushh ,Rare,AtG
x08091,L3-37 - Droid Revolutionary ,Rare,AtG
x08092,A Good Investment ,Common,AtG
x08093,Aid From Above ,Uncommon,AtG
x08094,Daring Gambit ,Uncommon,AtG
x08095,Drop In ,Common,AtG
x08096,Hijack ,Uncommon,AtG
x08097,Karabast! ,Common,AtG
x08098,Leverage ,Common,AtG
x08099,Reluctance ,Uncommon,AtG
x08100,Slice And Dice ,Uncommon,AtG
x08101,Through The Pass ,Common,AtG
x08102,Escape Craft ,Rare,AtG
x08103,Millennium Falcon ,Legendary,AtG
x08104,On The Mark ,Common,AtG
x08105,Decoy ,Uncommon,AtG
x08106,Energy Pike ,Rare,AtG
x08107,Token Of Affection ,Rare,AtG
x08108,At Odds ,Common,AtG
x08109,Common Cause ,Uncommon,AtG
x08110,Conflicted ,Common,AtG
x08111,Deadly Advance ,Common,AtG
x08112,No Questions Asked ,Uncommon,AtG
x08113,Relinquish ,Common,AtG
x08114,You Were My Friend ,Common,AtG
x08115,Bitter Rivalry ,Uncommon,AtG
x08116,Foresight ,Common,AtG
x08117,Nexus Of Power ,Rare,AtG
x08118,Force Lift ,Rare,AtG
x08119,Shatterpoint ,Rare,AtG
x08120,Treasured Lightsaber ,Rare,AtG
x08121,Attack Formation ,Common,AtG
x08122,Barrel Roll ,Common,AtG
x08123,Deployment ,Common,AtG
x08124,Fleet Command ,Common,AtG
x08125,Intense Fire ,Common,AtG
x08126,Revised Order ,Common,AtG
x08127,Snuff Out ,Uncommon,AtG
x08128,Transfer ,Uncommon,AtG
x08129,Armored Reinforcement ,Uncommon,AtG
x08130,Senate Chamber ,Rare,AtG
x08131,Dorsal Turret ,Rare,AtG
x08132,Handheld L-S1 Cannon ,Legendary,AtG
x08133,Triple Laser Turret ,Rare,AtG
x08134,Han Solo - Independent Hotshot ,Legendary,AtG
x08135,Qi'Ra - Street Savvy ,Rare,AtG
x08136,Across The Galaxy ,Common,AtG
x08137,Cash Out ,Common,AtG
x08138,Dismantle ,Uncommon,AtG
x08139,Fight Fire With Fire ,Common,AtG
x08140,Indifferent ,Common,AtG
x08141,Quick Thinking ,Common,AtG
x08142,Shock Tactic ,Uncommon,AtG
x08143,Double Down ,Uncommon,AtG
x08144,Improvised Defense ,Common,AtG
x08145,Shadow Caster ,Legendary,AtG
x08146,Arc Caster ,Rare,AtG
x08147,Black Sun Blaster Pistol ,Rare,AtG
x08148,Flame Projector ,Rare,AtG
x08149,Shriek ,Common,AtG
x08150,T-16 Skyhopper ,Common,AtG
x08151,X-34 Landspeeder ,Common,AtG
x08152,Laser Cannon ,Common,AtG
x08153,Systems Gauge ,Uncommon,AtG
x08154,Targeting Astromech ,Uncommon,AtG
x08155,No Allegiance ,Uncommon,AtG
x08156,Solidarity ,Uncommon,AtG
x08157,Landing Dock - Scipio ,Uncommon,AtG
x08158,Occupied City - Lothal ,Uncommon,AtG
x08159,Theed Royal Palace - Naboo ,Uncommon,AtG
x08160,Training Room - Kamino ,Uncommon,AtG
x09001,Asajj Ventress - Swift And Cunning ,Rare,CONV
x09002,Palpatine - Unlimited Power ,Legendary,CONV
x09003,Sentinel Messenger ,Rare,CONV
x09004,Sly Moore - Aide to the Emperor ,Rare,CONV
x09005,Mind Extraction ,Uncommon,CONV
x09006,A Tale of Tragedy ,Common,CONV
x09007,Breaking Bonds ,Common,CONV
x09008,Fit of Rage ,Common,CONV
x09009,Forsaken ,Uncommon,CONV
x09010,Isolation ,Common,CONV
x09011,No Mercy ,Uncommon,CONV
x09012,Forbidden Lore ,Uncommon,CONV
x09013,Imperialis ,Rare,CONV
x09014,Force Storm ,Legendary,CONV
x09015,Malice ,Rare,CONV
x09016,Palpatine's Lightsaber ,Legendary,CONV
x09017,Sith Teachings ,Rare,CONV
x09018,Captain Phasma - Stormtrooper Commander ,Legendary,CONV
x09019,Commando Droid ,Rare,CONV
x09020,First Order Stormtrooper ,Rare,CONV
x09021,General Grievous - Droid Armies Commander ,Rare,CONV
x09022,Wat Tambor - Techno Union Foreman ,Rare,CONV
x09023,A Sinister Peace ,Common,CONV
x09024,Make Demands ,Common,CONV
x09025,Probe ,Common,CONV
x09026,Pulverize ,Common,CONV
x09027,"Roger, Roger ",Common,CONV
x09028,The Best Defense... ,Common,CONV
x09029,Defoliator Tank ,Rare,CONV
x09030,Imperial Officer ,Rare,CONV
x09031,Megablaster Troopers ,Legendary,CONV
x09032,Stap Droid ,Rare,CONV
x09033,E-5 Blaster Carbine ,Rare,CONV
x09034,Modular Frame ,Common,CONV
x09035,Dengar - Ruthless Tracker ,Rare,CONV
x09036,Jabba The Hutt - Influential Kingpin ,Legendary,CONV
x09037,Quarren Tracker ,Rare,CONV
x09038,Watto - Stubborn Gambler ,Rare,CONV
x09039,Death Mark ,Common,CONV
x09040,Enticing Reward ,Uncommon,CONV
x09041,Barter With Blood ,Uncommon,CONV
x09042,Conveyex Robbery ,Uncommon,CONV
x09043,Exterminate ,Uncommon,CONV
x09044,Fight Dirty ,Uncommon,CONV
x09045,Hard Bargain ,Uncommon,CONV
x09046,Hunt Them Down ,Common,CONV
x09047,Bounty Board ,Uncommon,CONV
x09048,Punishing One ,Rare,CONV
x09049,Crime Lord ,Legendary,CONV
x09050,Dengar's Fire Blade ,Rare,CONV
x09051,Skilled Tracker ,Rare,CONV
x09052,Separatist Conspiracy ,Uncommon,CONV
x09053,Assassin Droid ,Rare,CONV
x09054,Ahsoka Tano - Brash Prodigy ,Rare,CONV
x09055,Lor San Tekka - True Believer ,Rare,CONV
x09056,Mace Windu - Inspiring Master ,Rare,CONV
x09057,Obi-Wan Kenobi - Ardent Avenger ,Rare,CONV
x09058,Vigilant Jedi ,Rare,CONV
x09059,A Friend Lost ,Common,CONV
x09060,Channel the Force ,Common,CONV
x09061,Defensive Stance ,Common,CONV
x09062,Disciplined Mind ,Common,CONV
x09063,Strong Intuition ,Common,CONV
x09064,Upper Hand ,Common,CONV
x09065,Obi-Wan Kenobi's Interceptor ,Rare,CONV
x09066,Uneti Force Tree ,Uncommon,CONV
x09067,Yoda's Spirit ,Legendary,CONV
x09068,Jedi Holocron ,Rare,CONV
x09069,Lore Hunter ,Common,CONV
x09070,Mace Windu's Lightsaber ,Legendary,CONV
x09071,Republic Jedi Armor ,Rare,CONV
x09072,K-2SO - Incognito ,Rare,CONV
x09073,Kes Dameron - Courageous Sergeant ,Rare,CONV
x09074,Naboo Palace Guard ,Rare,CONV
x09075,Padmé Amidala - Resolute Senator ,Legendary,CONV
x09076,Target Acquired ,Uncommon,CONV
x09077,Aggressive Negotiations ,Uncommon,CONV
x09078,Field Medic ,Common,CONV
x09079,Honorable Sacrifice ,Uncommon,CONV
x09080,Power Surge ,Uncommon,CONV
x09081,Unfetter ,Common,CONV
x09082,A-Wing ,Rare,CONV
x09083,Concerted Effort ,Uncommon,CONV
x09084,LAAT Gunship ,Legendary,CONV
x09085,Padmé Amidala's Royal Starship ,Rare,CONV
x09086,Overkill ,Rare,CONV
x09087,Resistance Ring ,Rare,CONV
x09088,Chewbacca - The Beast ,Legendary,CONV
x09089,Ezra Bridger - Resourceful Cutpurse ,Rare,CONV
x09090,Maz Kanata - Canny Negotiator ,Rare,CONV
x09091,Satine Kryze - Hope of Mandalore ,Rare,CONV
x09092,Calculated Risk ,Common,CONV
x09093,Convergence ,Uncommon,CONV
x09094,Draw Attention ,Common,CONV
x09095,Flee the Scene ,Uncommon,CONV
x09096,Instigate ,Common,CONV
x09097,Reap the Reward ,Uncommon,CONV
x09098,Sure Shot ,Common,CONV
x09099,We're Home ,Uncommon,CONV
x09100,Laser Tripwire ,Uncommon,CONV
x09101,Rebel Cache ,Rare,CONV
x09102,Chewbacca's Blaster Rifle ,Legendary,CONV
x09103,Custom Bandolier ,Common,CONV
x09104,Moxie ,Rare,CONV
x09105,Secrets Laid Bare ,Common,CONV
x09106,Attunement ,Common,CONV
x09107,Circle of Shelter ,Uncommon,CONV
x09108,Deflecting Slash ,Uncommon,CONV
x09109,Fatal Blow ,Common,CONV
x09110,Overqualified ,Common,CONV
x09111,Twin Strike ,Common,CONV
x09112,Use The Force ,Common,CONV
x09113,Force Flow ,Common,CONV
x09114,Lightsaber Mastery ,Uncommon,CONV
x09115,Diatium Power Cell ,Uncommon,CONV
x09116,It Binds All Things ,Uncommon,CONV
x09117,Force Pull ,Rare,CONV
x09118,Lightsaber ,Rare,CONV
x09119,Soresu Mastery ,Legendary,CONV
x09120,Soresu Training ,Rare,CONV
x09121,Hampered ,Uncommon,CONV
x09122,Automated Defense ,Common,CONV
x09123,Domination ,Uncommon,CONV
x09124,Energize ,Common,CONV
x09125,Forced Compliance ,Common,CONV
x09126,Fresh Supplies ,Common,CONV
x09127,Measure for Measure ,Common,CONV
x09128,No Answer ,Common,CONV
x09129,Rout ,Uncommon,CONV
x09130,Seize the Day ,Common,CONV
x09131,Squad Tactics ,Common,CONV
x09132,Strike Back ,Common,CONV
x09133,Advanced Training ,Uncommon,CONV
x09134,Conscript Squad ,Rare,CONV
x09135,Press the Advantage ,Common,CONV
x09136,Tech Team ,Common,CONV
x09137,V-Wing ,Rare,CONV
x09138,A-300 Blaster ,Rare,CONV
x09139,Quicksilver Baton ,Legendary,CONV
x09140,Riot Shield ,Uncommon,CONV
x09141,Enfys Nest - Fearsome Outlaw ,Legendary,CONV
x09142,Enfys Nest's Marauder ,Rare,CONV
x09143,Wanted ,Common,CONV
x09144,Electroshock ,Uncommon,CONV
x09145,For a Price ,Common,CONV
x09146,Prey Upon ,Common,CONV
x09147,Rendezvous ,Common,CONV
x09148,Skullduggery ,Common,CONV
x09149,Truce ,Common,CONV
x09150,Unpredictable ,Common,CONV
x09151,Profiteering ,Uncommon,CONV
x09152,Entourage ,Legendary,CONV
x09153,Seeking The Truth ,Common,CONV
x09154,Smuggling Ring ,Common,CONV
x09155,Starviper ,Rare,CONV
x09156,Enfys Nest's Electroripper ,Rare,CONV
x09157,Mandalorian Jetpack ,Rare,CONV
x09158,Ordnance Launcher ,Rare,CONV
x09159,Unscrupulous ,Rare,CONV
x09160,Shock Collar ,Common,CONV
x09161,Wounded ,Common,CONV
x09162,Bacta Therapy ,Uncommon,CONV
x09163,Block ,Common,CONV
x09164,Dodge ,Common,CONV
x09165,Electromagnetic Pulse ,Common,CONV
x09166,Near Miss ,Common,CONV
x09167,Unshackle ,Common,CONV
x09168,Fickle Mercenaries ,Rare,CONV
x09169,Grievance Striker ,Rare,CONV
x09170,Protective Suit ,Uncommon,CONV
x09171,Punch Dagger ,Rare,CONV
x09172,Sonic Detonators ,Rare,CONV
x09173,Command Center - Lothal ,Uncommon,CONV
x09174,Deathwatch Hideout - Concordia ,Common,CONV
x09175,Fighting Pit - Mimban ,Uncommon,CONV
x09176,Lair of General Grievous - Vassek 3 ,Common,CONV
x09177,Mean Streets - Correlia ,Uncommon,CONV
x09178,Military Camp - Kaller ,Uncommon,CONV
x09179,Salt Flats - Crait ,Uncommon,CONV
x09180,Watto's Shop - Tatooine ,Uncommon,CONV
10001,Count Dooku - Corrupted Politician ,Legendary,AoN
10002,Count Dooku's Lightsaber ,Rare,AoN
10003,Sniper Team ,Rare,AoN
10004,Astrogation ,Uncommon,AoN
10005,Knighthood ,Uncommon,AoN
10006,Fenn Rau - Mandalorian Protector ,Legendary,AoN
10007,Test of Character ,Common,AoN
10008,Grand Design ,Uncommon,AoN
10009,Outer Rim Outlaw ,Rare,AoN
10010,Shadowed ,Uncommon,AoN
10011,Perilous Escapade ,Uncommon,AoN
10012,Hired Muscle ,Rare,AoN
10013,Clawdite Shapeshifter ,Rare,AoN
10014,Chance Encounter ,Common,AoN
10015,Flank ,Common,AoN
10016,Allies of Necessity ,Uncommon,AoN
10017,LR-57 Combat Droid ,Rare,AoN
10018,Electro Sword ,Rare,AoN
10019,Chalmun's Cantina - Tatooine ,Common,AoN
10020,Wheeta Palace - Nal Hutta ,Common,AoN
11001,Dark Mystic ,Rare,SoH
11002,Kylo Ren - Bound By The Force ,Rare,SoH
11003,Maul - Skilled Duelist ,Legendary,SoH
11004,Nightsister Zombie ,Common,SoH
11005,Old Daka - Nightsister Necromancer ,Rare,SoH
11006,Chancellor's Edict ,Common,SoH
11007,Hex ,Common,SoH
11008,Possessed ,Uncommon,SoH
11009,Uncontrollable Rage ,Common,SoH
11010,Act of Betrayal ,Common,SoH
11011,Dark Magick ,Common,SoH
11012,Sinister Ruse ,Common,SoH
11013,Tantrum ,Common,SoH
11014,Weave the Ichor ,Common,SoH
11015,Order 66 ,Uncommon,SoH
11016,Scimitar ,Rare,SoH
11017,Ancient Magicks ,Rare,SoH
11018,Recovered Sith Lightsaber ,Rare,SoH
11019,Talisman of Resurrection ,Legendary,SoH
11020,Conan Motti - Overconfident Officer ,Rare,SoH
11021,Gideon Hask - Inferno Squad Commando ,Rare,SoH
11022,Mudtrooper ,Rare,SoH
11023,Thrawn - Grand Admiral ,Legendary,SoH
11024,Priority Target ,Common,SoH
11025,Counterintelligence ,Common,SoH
11026,Crushing Advantage ,Common,SoH
11027,Execute Order 66 ,Uncommon,SoH
11028,Rally the Troops ,Common,SoH
11029,To Victory ,Common,SoH
11030,Warning Siren ,Common,SoH
11031,Cultural Records ,Rare,SoH
11032,Hostile Territory ,Uncommon,SoH
11033,Separatist Embargo ,Uncommon,SoH
11034,Superlaser Siege Cannon ,Legendary,SoH
11035,Crimson Star ,Uncommon,SoH
11036,Mastermind ,Rare,SoH
11037,TL-50 Heavy Repeater ,Rare,SoH
11038,4-LOM - Calculating Criminal ,Rare,SoH
11039,IG-88 - Single-Minded ,Rare,SoH
11040,Jango Fett - Armed To The Teeth ,Legendary,SoH
11041,Zuckuss - The Uncanny One ,Rare,SoH
11042,Armed To The Teeth ,Common,SoH
11043,Desperate Measures ,Common,SoH
11044,Misinformation ,Common,SoH
11045,Tireless Pursuit ,Common,SoH
11046,Bounty Hunters' Guild ,Uncommon,SoH
11047,IG-2000 ,Rare,SoH
11048,Impound ,Uncommon,SoH
11049,Mist Hunter ,Rare,SoH
11050,Predatory Banker ,Uncommon,SoH
11051,0-0-0 Protocol Matrix ,Rare,SoH
11052,Armor Plating ,Common,SoH
11053,Gauntlet Rockets ,Rare,SoH
11054,Pulse Cannon ,Legendary,SoH
11055,Acceptable Losses ,Common,SoH
11056,R2-D2 - Loyal Companion ,Legendary,SoH
11057,Rey - Bound By The Force ,Rare,SoH
11058,Yoda - Mystical Mentor ,Rare,SoH
11059,Youngling ,Uncommon,SoH
11060,Refusal ,Uncommon,SoH
11061,Destiny Fulfilled ,Uncommon,SoH
11062,Exchange Of Information ,Common,SoH
11063,Heroic Stand ,Uncommon,SoH
11064,Humble Service ,Common,SoH
11065,Jedi Mind Trick ,Uncommon,SoH
11066,Moving Rocks ,Uncommon,SoH
11067,Yoda's Protection ,Common,SoH
11068,Caretaker Village ,Uncommon,SoH
11069,Professor Huyang ,Rare,SoH
11070,Qui-Gon Jinn's Spirit ,Legendary,SoH
11071,Three Lessons ,Uncommon,SoH
11072,Jedi Lightsaber ,Rare,SoH
11073,Sacred Jedi Texts ,Rare,SoH
11074,Yoda's Lightsaber ,Legendary,SoH
11075,Amilyn Holdo - Vice Admiral ,Legendary,SoH
11076,Bail Organa - Alderaanian Senator ,Rare,SoH
11077,C-3PO - Perfect Gentleman ,Legendary,SoH
11078,Hoth Trooper ,Uncommon,SoH
11079,Droids' Day Out ,Uncommon,SoH
11080,Happy Beeps ,Common,SoH
11081,Lightspeed Assault ,Uncommon,SoH
11082,Our Situation is Desperate ,Common,SoH
11083,Rebel Assault ,Common,SoH
11084,Spark of Hope ,Common,SoH
11085,Take Control ,Uncommon,SoH
11086,B-Wing ,Rare,SoH
11087,Firm Resolve ,Uncommon,SoH
11088,GH-7 Droid ,Rare,SoH
11089,Resistance Trench Fighters ,Rare,SoH
11090,EL-16 Heavy Field Blaster ,Rare,SoH
11091,Salvaged Arm ,Uncommon,SoH
11092,Tico Pendant ,Common,SoH
11093,Chief Chirpa - Bright Tree Village Elder ,Rare,SoH
11094,Chopper - Metal Menace ,Rare,SoH
11095,Ewok Warrior ,Common,SoH
11096,Han Solo - Old Swindler ,Legendary,SoH
11097,Wicket - Crafty Scout ,Rare,SoH
11098,Ensnare ,Uncommon,SoH
11099,Net Trap ,Common,SoH
11100,Rolling Logs ,Common,SoH
11101,Ewok Ambush ,Common,SoH
11102,Glider Attack ,Uncommon,SoH
11103,Jump To Lightspeed ,Uncommon,SoH
11104,Reassemble ,Uncommon,SoH
11105,Chief Chirpa's Hut ,Rare,SoH
11106,Mr. Bones ,Legendary,SoH
11107,Ewok Bow ,Rare,SoH
11108,Han Solo's Blaster ,Legendary,SoH
11109,Han Solo's Dice ,Rare,SoH
11110,Support of the Tribe ,Common,SoH
11111,Fateful Companions ,Uncommon,SoH
11112,Alter Fate ,Common,SoH
11113,Clever Distraction ,Common,SoH
11114,Dark Reflections ,Common,SoH
11115,Decisive Blow ,Common,SoH
11116,Draw Closer ,Uncommon,SoH
11117,Polarity ,Common,SoH
11118,Pushing Slash ,Common,SoH
11119,Temporary Truce ,Uncommon,SoH
11120,Force Connection ,Uncommon,SoH
11121,Mysteries of the Force ,Uncommon,SoH
11122,Niman Mastery ,Legendary,SoH
11123,Niman Training ,Rare,SoH
11124,Untamed Power ,Rare,SoH
11125,Chain Lightning ,Common,SoH
11126,Focused Fire ,Common,SoH
11127,Hull Breach ,Common,SoH
11128,Off The Sensors ,Common,SoH
11129,Seizing Territory ,Common,SoH
11130,Shields Are Down ,Common,SoH
11131,Shortcut ,Uncommon,SoH
11132,You Are In Command Now ,Uncommon,SoH
11133,Aftermath ,Common,SoH
11134,AT-RT ,Rare,SoH
11135,Coruscant Police ,Rare,SoH
11136,Admiral ,Legendary,SoH
11137,Communication Module ,Uncommon,SoH
11138,Dead Or Alive ,Common,SoH
11139,Bad Credit ,Common,SoH
11140,Disassemble ,Common,SoH
11141,Encircle ,Uncommon,SoH
11142,I Performed Violence ,Common,SoH
11143,Kinship ,Uncommon,SoH
11144,Outpace ,Common,SoH
11145,Practice Makes Perfect ,Common,SoH
11146,Reversal ,Common,SoH
11147,Simple Mistake ,Uncommon,SoH
11148,Unify ,Common,SoH
11149,Any Means Necessary ,Uncommon,SoH
11150,Canto Bight Security ,Legendary,SoH
11151,Mining Guild TIE Fighter ,Rare,SoH
11152,Bounty Hunter Mask ,Common,SoH
11153,DX-2 Disruptor Blaster Pistol ,Rare,SoH
11154,Inflict Pain ,Uncommon,SoH
11155,Grappling Arm ,Rare,SoH
11156,Rocket Booster ,Rare,SoH
11157,Canto Casino - Canto Bight ,Uncommon,SoH
11158,Jabba's Palace - Tatooine ,Uncommon,SoH
11159,Nightsister Lair - Dathomir ,Common,SoH
11160,Snoke's Throne Room - Supremacy ,Uncommon,SoH
12001,Darth Bane - Ancient Master ,Legendary,CM
12002,Darth Vader - Victor Leader ,Rare,CM
12003,Pong Krell - Deadly Imposter ,Rare,CM
12004,Snoke's Praetorian Guard ,Rare,CM
12005,Recurring Nightmare ,Rare,CM
12006,Entropic Blast ,Common,CM
12007,Legacy of the Sith ,Uncommon,CM
12008,Pincer Movement ,Uncommon,CM
12009,Quad Slam ,Uncommon,CM
12010,Trap the Blade ,Common,CM
12011,Treason ,Uncommon,CM
12012,Rule of Two ,Uncommon,CM
12013,Bloodletting ,Common,CM
12014,Darth Vader's Tie Advanced ,Rare,CM
12015,Ancient Sith Armor ,Uncommon,CM
12016,Death Field ,Legendary,CM
12017,Pong Krell's Lightsaber ,Rare,CM
12018,Sith Lord ,Legendary,CM
12019,Vibro-Arbir Blades ,Rare,CM
12020,Commander Pyre - Harsh Negotiator ,Rare,CM
12021,Director Krennic - Death Star Mastermind ,Legendary,CM
12022,Elrik Vonreg - Major Baron ,Rare,CM
12023,Imperial Death Trooper ,Rare,CM
12024,Imperial Pilot ,Uncommon,CM
12025,Cruel Methods ,Common,CM
12026,Call to Action ,Common,CM
12027,Face the Enemy ,Uncommon,CM
12028,I'll Handle This Myself ,Common,CM
12029,Taking Charge ,Common,CM
12030,Construct the Death Star ,Uncommon,CM
12031,Elrik Vonreg's TIE Interceptor ,Rare,CM
12032,"The ""Duchess"" ",Legendary,CM
12033,Tie Bomber ,Rare,CM
12034,Viper Probe Droid ,Uncommon,CM
12035,Commander Pyre's Blaster ,Rare,CM
12036,Director ,Uncommon,CM
12037,E-11D Blaster Rifle ,Rare,CM
12038,Boba Fett - Infamous And Ruthless ,Legendary,CM
12039,Kragan Gorr - Pirate Captain ,Rare,CM
12040,Pyke Sentinel ,Uncommon,CM
12041,Synara San - Opportunistic Infiltrator ,Rare,CM
12042,Trandoshan Hunter ,Rare,CM
12043,Forced Labor ,Common,CM
12044,Pestering ,Rare,CM
12045,Change of Fortune ,Common,CM
12046,Opportune Strike ,Common,CM
12047,Plunder ,Uncommon,CM
12048,Warning Shot ,Common,CM
12049,Pirate Ship ,Rare,CM
12050,Slave I ,Legendary,CM
12051,Boba Fett's Wrist Laser ,Rare,CM
12052,Pyke Blaster ,Rare,CM
12053,Anakin Skywalker - Dedicated Mentor ,Legendary,CM
12054,Jedi Knight ,Rare,CM
12055,Kanan Jarrus - Jedi Exile ,Rare,CM
12056,Luke Skywalker - Red Five ,Rare,CM
12057,Forestall ,Common,CM
12058,Fresh Start ,Common,CM
12059,Luminous Beings Are We ,Uncommon,CM
12060,Nullify ,Common,CM
12061,Skillful Deterrence ,Uncommon,CM
12062,Stand Firm ,Common,CM
12063,Trust Your Feelings ,Common,CM
12064,Valiant Deed ,Common,CM
12065,Jedi Trials ,Uncommon,CM
12066,Luke Skywalker's X-Wing ,Rare,CM
12067,Anakin Skywalker's Lightsaber ,Legendary,CM
12068,Kanan Jarrus' Lightsaber ,Rare,CM
12069,Padawan Braid ,Common,CM
12070,Hera Syndulla - Seasoned Captain ,Legendary,CM
12071,Kashyyyk Warrior ,Rare,CM
12072,Kazuda Xiono - Naive Hotshot ,Rare,CM
12073,Poe Dameron - Reckless Aviator ,Legendary,CM
12074,Tarfful - Chieftain of Kachirho ,Rare,CM
12075,Feat of Strength ,Common,CM
12076,Imposing Figure ,Common,CM
12077,Plan of Attack ,Common,CM
12078,Run to Safety ,Common,CM
12079,Swing In ,Common,CM
12080,Trench Run ,Uncommon,CM
12081,Destroy the Death Star ,Uncommon,CM
12082,Fireball ,Rare,CM
12083,Ghost ,Legendary,CM
12084,Phantom ,Rare,CM
12085,Rebel Hangar ,Legendary,CM
12086,Wookiee Protection ,Uncommon,CM
12087,Fortitude ,Common,CM
12088,Master Smuggler ,Rare,CM
12089,Sabine Wren - Artistic and Resourceful ,Rare,CM
12090,Sinjir Rath Velus - Ex-Loyalty Officer ,Legendary,CM
12091,Torra Doza - Energetic Thrill-Seeker ,Rare,CM
12092,Vengeful Wookiee ,Uncommon,CM
12093,As One ,Common,CM
12094,Lead from the Front ,Uncommon,CM
12095,Loth-Cat and Mouse ,Common,CM
12096,Pride and Joy ,Uncommon,CM
12097,Reciprocate ,Common,CM
12098,Blue Ace ,Rare,CM
12099,Bucket ,Rare,CM
12100,Sabine Wren's TIE Fighter ,Rare,CM
12101,Custom Paint Job ,Uncommon,CM
12102,Fling ,Uncommon,CM
12103,Wookiee Rage ,Uncommon,CM
12104,Spectre Cell ,Uncommon,CM
12105,Valorous Tribe ,Uncommon,CM
12106,Acute Awareness ,Common,CM
12107,Bestow Wisdom ,Uncommon,CM
12108,Falling Avalanche ,Uncommon,CM
12109,Fluid Riposte ,Common,CM
12110,Infuse the Force ,Common,CM
12111,On Guard ,Common,CM
12112,Side By Side ,Common,CM
12113,Seeking Knowledge ,Common,CM
12114,Shien Mastery ,Legendary,CM
12115,Shien Training ,Rare,CM
12116,Systems Malfunction ,Rare,CM
12117,Assail ,Common,CM
12118,Command and Conquer ,Common,CM
12119,Covert Mission ,Common,CM
12120,Embark ,Common,CM
12121,Flanked by Wingmen ,Common,CM
12122,Joint Maneuver ,Uncommon,CM
12123,Sneak Attack ,Uncommon,CM
12124,Under Fire ,Common,CM
12125,Tactical Delay ,Common,CM
12126,Death Star Plans ,Uncommon,CM
12127,Experimental Booster ,Rare,CM
12128,Licensed to Fly ,Common,CM
12129,Nar Shaddaa Thief ,Uncommon,CM
12130,Controlled Chaos ,Uncommon,CM
12131,Dangerous Escape ,Common,CM
12132,Deadlock ,Common,CM
12133,Monopolize ,Common,CM
12134,Reap ,Common,CM
12135,Rogue Tendencies ,Common,CM
12136,Survival Instinct ,Common,CM
12137,Taken by Surprise ,Common,CM
12138,Think on Your Feet ,Common,CM
12139,Coaxium Heist ,Uncommon,CM
12140,Cloud Car ,Rare,CM
12141,Double Agent ,Uncommon,CM
12142,Improvised Explosive ,Common,CM
12143,Raiding Party ,Rare,CM
12144,Repurposing ,Uncommon,CM
12145,Magna-Glove ,Legendary,CM
12146,Z-6 Jetpack ,Legendary,CM
12147,Jawa Junk Dealer ,Common,CM
12148,Outdated Tech ,Uncommon,CM
12149,Eject ,Uncommon,CM
12150,Harmless Trick ,Common,CM
12151,Salvaged Parts ,Common,CM
12152,Standoff ,Common,CM
12153,Utinni! ,Common,CM
12154,Merchant Freighter ,Common,CM
12155,Sandcrawler ,Rare,CM
12156,Wretched Hive ,Uncommon,CM
12157,Abandoned Refinery - Savereen ,Uncommon,CM
12158,Colossus - Castilon ,Uncommon,CM
12159,Pyke Syndicate Mine - Kessel ,Uncommon,CM
12160,Valley of the Dark Lords - Moraband ,Common,CM
13001A,Anakin Skywalker - Reckless One ,Legendary,TR
13001B,Darth Vader - Driven By Anger ,Starter,TR
13002A,Luke Skywalker - Seeking The Path ,Legendary,TR
13002B,Luke Skywalker - Fulfilling His Destiny ,Starter,TR
13003A,Obi-Wan Kenobi - Wise Protector ,Rare,TR
13003B,Obi-Wan Kenobi's Spirit ,Starter,TR
13004A,Sweeper Droid Infiltration ,Uncommon,TR
13004B,Demolition Droid ,Starter,TR
13005A,Send in the Troopers ,Rare,TR
13005B,Arc Trooper Echo - Courageous and Resolute ,Starter,TR
13005C,Arc Trooper Fives - ARC-5555 ,Starter,TR
13005D,Clone Commander Wolffe - Staunch Strategist ,Starter,TR
13006A,Closing In ,Uncommon,TR
13006B,Captured ,Starter,TR
13007A,Rescue Han Solo ,Rare,TR
13007B,Han Solo - Cool and Confident ,Starter,TR
13008A,Choose Your Destiny ,Common,TR
13008B,I Will Not Turn ,Starter,TR
13009A,United ,Uncommon,TR
13009B,We Stand ,Starter,TR
13010A,Mortis (Day) - Ethereal Space ,Common,TR
13010B,Mortis (Night) - Ethereal Space ,Starter,TR
14001,Ninth Sister - Brutish Empath ,Legendary,FA
14002,Purge Trooper ,Rare,FA
14003,Second Sister - Expert Duelist ,Rare,FA
14004,Taron Malicos - Fallen Master ,Rare,FA
14005,Peace Is a Lie ,Common,FA
14006,Siphoning Anger ,Common,FA
14007,Unending Hate ,Common,FA
14008,Vicious Rebuttal ,Rare,FA
14009,The Inquisitorius ,Rare,FA
14010,Painful Lessons ,Common,FA
14011,Inquisitor Lightsaber ,Rare,FA
14012,Sith Warblade ,Legendary,FA
14013,Taron's Lightsaber ,Rare,FA
14014,ISB Agent ,Rare,FA
14015,FN-2199 - Fierce Fighter ,Rare,FA
14016,Exposing Disloyalty ,Common,FA
14017,Extermination Order ,Common,FA
14018,Raze ,Uncommon,FA
14019,TIE Striker ,Rare,FA
14020,FN-2199's Riot Baton ,Rare,FA
14021,Bala Tik - Reclaiming Debts ,Rare,FA
14022,Bazine Netal - First Order Informant ,Legendary,FA
14023,Bing - Cybernetic Killer ,Rare,FA
14024,Haxion Brood Droid ,Rare,FA
14025,Extort Cooperation ,Rare,FA
14026,Booby Trap ,Common,FA
14027,Bounty Averted ,Common,FA
14028,Rotten Deal ,Uncommon,FA
14029,Kyuzo Petar ,Rare,FA
14030,Discord ,Common,FA
14031,Cal Kestis - Jedi in Hiding ,Legendary,FA
14032,Sifo-Dyas - Foreseer of War ,Rare,FA
14033,Apt Lesson ,Uncommon,FA
14034,Protect the Younglings ,Common,FA
14035,Pursuit of Perfection ,Uncommon,FA
14036,BD-1 ,Rare,FA
14037,Cal Kestis' Lightsaber ,Legendary,FA
14038,Force Repulse ,Rare,FA
14039,Jaro Tapal's Lightsaber ,Rare,FA
14040,Cassian Andor - Efficient Agent ,Rare,FA
14041,Galen Erso - Conscripted Physicist ,Rare,FA
14042,Jyn Erso - Rebellion Operative ,Legendary,FA
14043,Medic! ,Uncommon,FA
14044,Rebel Schemes ,Common,FA
14045,Secret Mission ,Common,FA
14046,Cassian's Blaster ,Rare,FA
14047,Jyn Erso's Blaster ,Rare,FA
14048,Master of Disguise ,Rare,FA
14049,Babu Frik - Master Droidsmith ,Rare,FA
14050,Greez Dritus - Cantankerous Pilot ,Rare,FA
14051,Rebel Partisan ,Rare,FA
14052,Saw Gerrera - Ruthless Extremist ,Legendary,FA
14053,Change of Plans ,Common,FA
14054,Explosive Cocktail ,Uncommon,FA
14055,Hey Hey! ,Common,FA
14056,Reckless Ambush ,Common,FA
14057,Scrounging Parts ,Common,FA
14058,Stinger Mantis ,Rare,FA
14059,DL-18 Blaster ,Rare,FA
14060,Saw's RPS-6 Rocket Launcher ,Rare,FA
14061,Unity ,Common,FA
14062,Intelligence Operation ,Uncommon,FA
14063,Merrin - Nightsister Survivor ,Rare,FA
14064,Force Affinity ,Uncommon,FA
14065,Form Drills ,Uncommon,FA
14066,Sarlaac Sweep ,Common,FA
14067,Will of the Force ,Uncommon,FA
14068,Prescient Leap ,Common,FA
14069,Shii-Cho Mastery ,Legendary,FA
14070,Shii-Cho Training ,Rare,FA
14071,Planned Operation ,Uncommon,FA
14072,Kamino Cloning Facility ,Common,FA
14073,Tactical Advantage ,Common,FA
14074,Proton Bombs ,Rare,FA
14075,R3 Astromech ,Common,FA
14076,Burned ,Common,FA
14077,Tailed ,Common,FA
14078,Demand Tribute ,Common,FA
14079,Faltering Allegiances ,Common,FA
14080,Forewarned ,Uncommon,FA
14081,Selling Intel ,Uncommon,FA
14082,Trash to Treasure ,Common,FA
14083,Extremist Campaign ,Uncommon,FA
14084,Incendiary Stockpile ,Common,FA
14085,Sliced Terminal ,Common,FA
14086,Vibrosword ,Rare,FA
14087,Restraining Bolt ,Common,FA
14088,Sneaky Diversion ,Common,FA
14089,Pirate Slugthrower ,Rare,FA
14090,Stolen Datapad ,Common,FA
15001,Darth Zannah - Student of the Sith ,Uncommon,RM
15002,Kylo Ren - Driven by Fear ,Rare,RM
15003A,Maul - Consumed by Revenge ,Legendary,RM
15003B,Maul - Conqueror of Mandalore ,Starter,RM
15004A,Savage Opress - Loyal Sibling ,Rare,RM
15004B,Savage Opress - Dark Acolyte ,Starter,RM
15005,Tenth Brother - Tested by the Force ,Rare,RM
15006,The Haunted ,Common,RM
15007,Chant of Resurrection ,Common,RM
15008,Force Drain ,Uncommon,RM
15009,Your Powers Are Weak ,Uncommon,RM
15010A,Watch Your Career With Great Interest ,Rare,RM
15010B,Darth Vader - Unrelenting Apprentice ,Starter,RM
15011,Interrogation Chair ,Common,RM
15012,Nightsister Assassins ,Rare,RM
15013,General Veers - Death Squadron General ,Legendary,RM
15014,Kendal Ozzel - Bumbling Tactician ,Rare,RM
15015,Snowtrooper ,Rare,RM
15016,Tseebo - Spectre Sympathizer ,Rare,RM
15017,Enfilading Fire ,Common,RM
15018,Offensive Position ,Common,RM
15019,Reckless Charge ,Uncommon,RM
15020,Salvage the Assault ,Common,RM
15021,Relentless Advance ,Uncommon,RM
15022,501st Assault Team ,Uncommon,RM
15023,Blizzard 1 ,Legendary,RM
15024,XJ9-CS14 ,Rare,RM
15025,Electrohammer ,Rare,RM
15026,Garindan - Information Trader ,Rare,RM
15027,Pirate Loyalist ,Rare,RM
15028,Skreek - Warbird Enforcer ,Rare,RM
15029,Ziro The Hutt - Crime Lord ,Legendary,RM
15030,Everybody Profits ,Uncommon,RM
15031,Salvage Run ,Uncommon,RM
15032,Triple Dark Attack ,Common,RM
15033,Den of Thieves ,Uncommon,RM
15034,Painful Losses ,Common,RM
15035,Pirate Crew Member ,Rare,RM
15036,Burryaga Agaburry - Savior of Hetzal ,Rare,RM
15037,Jaro Tapal - Selfless Master ,Legendary,RM
15038,Jedi Apprentice ,Rare,RM
15039,Leia Organa - Adept Student ,Rare,RM
15040,Luminara Unduli - Patient Master ,Rare,RM
15041,Qui-Gon Jinn - Venerable Maverick ,Legendary,RM
15042,Force Mirage ,Common,RM
15043,Move Along ,Common,RM
15044,Force Reflexes ,Uncommon,RM
15045,You Will Go to the Dagobah System ,Uncommon,RM
15046,The Jedi Code ,Uncommon,RM
15047,Force Heal ,Rare,RM
15048,Leia Organa's Lightsaber ,Rare,RM
15049,Admiral Ackbar - Brilliant Tactician ,Legendary,RM
15050,Bothan Spy ,Rare,RM
15051,Chewbacca - Commanding Force ,Rare,RM
15052,Dak Ralter - Rogue Gunner ,Rare,RM
15053,General Rieekan - Mastermind ,Rare,RM
15054,Rebel Sniper ,Rare,RM
15055,Heroic Protector ,Common,RM
15056,K-3PO ,Rare,RM
15057,Redemption ,Legendary,RM
15058,Rogue One ,Rare,RM
15059,Rogue Two ,Rare,RM
15060,Wasaka Berry Plant ,Uncommon,RM
15061,Wookiee Fluttercraft ,Rare,RM
15062,Veteran of War ,Rare,RM
15063,"Benthic - ""Two Tubes"" ",Rare,RM
15064,Dash Rendar - Outer Rim Hotshot ,Legendary,RM
15065,Lumpawaroo - Chewbacca's Pride ,Rare,RM
15066,"Obi-Wan Kenobi - ""Rako Hardeen"" ",Rare,RM
15067,Wullffwarro ,Rare,RM
15068,Grand Theft Speeder ,Uncommon,RM
15069,Let's Make a Deal ,Common,RM
15070,Rallying Cry ,Common,RM
15071,Sound the Horn ,Uncommon,RM
15072,Outrider ,Legendary,RM
15073,Defensive Perimeter - Hoth ,Common,RM
15074,Harness the Force ,Uncommon,RM
15075,Rising Whirlwind ,Common,RM
15076,Force Valor ,Rare,RM
15077,Jar'Kai ,Uncommon,RM
15078,Lightsaber Tonfa ,Rare,RM
15079,Quilloned Lightsaber ,Rare,RM
15080,Power of the Tribe ,Uncommon,RM
15081,Small Battles Won ,Common,RM
15082,Tactical Retreat ,Common,RM
15083,Extra Firepower ,Uncommon,RM
15084,Tactical Superiority ,Common,RM
15085,DC-17 Hand Blaster ,Rare,RM
15086,Security Baton ,Rare,RM
15087,Doctor Aphra - Archaeologist ,Rare,RM
15088,Hondo Ohnaka - Ultimate Pragmatist ,Legendary,RM
15089,Dark Memories ,Rare,RM
15090,Headstrong ,Common,RM
15091,Unfair Trade ,Common,RM
15092A,The Ultimate Heist ,Legendary,RM
15092B,Master of Pirates ,Starter,RM
15093,Black Market Arm ,Rare,RM
15094,Hustling ,Rare,RM
15095,Syndicate Electrostaff ,Rare,RM
15096,Fury ,Common,RM
15097,Mandalorian Executioner Vibro-Ax ,Rare,RM
15098,Cloud City - Bespin ,Uncommon,RM
15099,Cyber Center - Anexes ,Common,RM
15100,Perimeter Outpost - Hoth ,Uncommon,RM
15101,Death of CT-4040 ,Starter,RM
16001,Alazmec Colonist ,Rare,HS
16002A,Darth Momin - Force Savant ,Legendary,HS
16002B,Mask Of Momin ,Starter,HS
16003,Grand Inquisitor - Inquisitorius Leader ,Rare,HS
16004,No Second Chances ,Common,HS
16005,Dark Contrition ,Uncommon,HS
16006,Dark Dispatch ,Common,HS
16007,Why Take The Chance ,Common,HS
16008,Sith Eternal Cultist ,Rare,HS
16009,Fortress Vader ,Uncommon,HS
16010,Force Crush ,Rare,HS
16011,Grand Inquisitor's Lightsaber ,Legendary,HS
16012,Sith Wayfinder ,Uncommon,HS
16013,Dr. Pershing - Remnant Scientist ,Rare,HS
16014,Incinerator Trooper ,Rare,HS
16015,Moff Gideon - Ruthless Mastermind ,Legendary,HS
16016,Danger Close ,Common,HS
16017,Deserted ,Common,HS
16018,Intel Breach ,Common,HS
16019,Overwhelming Forces ,Uncommon,HS
16020,Rewritten History ,Uncommon,HS
16021,Dark Trooper ,Rare,HS
16022,Outland TIE Fighter ,Rare,HS
16023,MSE-6 Droid ,Common,HS
16024,Cruel Tactician ,Rare,HS
16025,Cad Bane - Callous Outlaw ,Legendary,HS
16026,Gamorrean Fighter ,Rare,HS
16027,IG-11 - Programmable Hunter ,Rare,HS
16028,Now It's Personal ,Common,HS
16029,Chemical Strike ,Common,HS
16030,Grab ,Uncommon,HS
16031,Interdiction Field ,Common,HS
16032,Self-Destruct ,Common,HS
16033,Smash ,Common,HS
16034,Hostage Situation ,Common,HS
16035,Xanadu Blood ,Rare,HS
16036,Gas Bomb ,Rare,HS
16037,Path Engine ,Rare,HS
16038,Ahsoka Tano - Searching The Galaxy ,Legendary,HS
16039A,Grogu - The Child ,Uncommon,HS
16039B,Force Experiments ,Starter,HS
16040,Guardian Of The Whills ,Rare,HS
16041,Ki-Adi-Mundi - Methodical Master ,Rare,HS
16042,Dissuade ,Common,HS
16043,I Sense A Trap ,Uncommon,HS
16044,Tranquility ,Common,HS
16045,Protect The Child ,Uncommon,HS
16046,Millennium Falcon ,Rare,HS
16047,Renewal ,Uncommon,HS
16048,Seeing Stone ,Common,HS
16049,Ahsoka Tano's Lightsaber ,Rare,HS
16050,Ki-Adi-Mundi's Lightsaber ,Rare,HS
16051,Cara Dune - Vengeance Of Alderaan ,Rare,HS
16052,Rebel Pilot ,Rare,HS
16053,Wedge Antilles - Flight Instructor ,Rare,HS
16054,Contraband Seizure ,Common,HS
16055,Coordinated Strike ,Common,HS
16056,Pitch In ,Uncommon,HS
16057,Roll In The Mud ,Common,HS
16058,Strategic Strike ,Common,HS
16059,Armory ,Common,HS
16060,R2-D2 ,Rare,HS
16061,Wedge's X-Wing ,Rare,HS
16062,Cara Dune's Blaster ,Rare,HS
16063,Din Djarin - The Mandalorian ,Legendary,HS
16064,Han Solo - Tk-710 ,Uncommon,HS
16065,Kuiil - Free Of Servitude ,Rare,HS
16066,Fly Casual ,Uncommon,HS
16067,I Have Spoken ,Common,HS
16068,I Like Those Odds ,Common,HS
16069,I'm Alright Pal ,Common,HS
16070,Nimble Fingers ,Uncommon,HS
16071,Uprising ,Common,HS
16072,Stay Ahead ,Uncommon,HS
16073,Razor Crest ,Rare,HS
16074,Beskar Spear ,Legendary,HS
16075,Whistling Birds ,Rare,HS
16076,C-3PO ,Rare,HS
16077,Forest Clearing - Corvus ,Uncommon,HS
16078,Contentious Opportunity ,Common,HS
16079,Kyber Quest ,Common,HS
16080,Makashi Riposte ,Uncommon,HS
16081,Lightsaber Ignition ,Uncommon,HS
16082,Force Telekinesis ,Rare,HS
16083,Learned From My Master ,Common,HS
16084,Makashi Mastery ,Legendary,HS
16085,Makashi Training ,Rare,HS
16086,Come To Aid ,Common,HS
16087,Military Prowess ,Common,HS
16088,Plan Ahead ,Common,HS
16089,Target Their Supplies ,Common,HS
16090,Fortified Position ,Uncommon,HS
16091,Supply Team ,Uncommon,HS
16092,General ,Legendary,HS
16093,Medal Of Bravery ,Uncommon,HS
16094,Proton Grenades ,Rare,HS
16095,Westar-35 Blaster Pistol ,Rare,HS
16096,Greef Karga - Guild Expeditor ,Rare,HS
16097,Boring Conversation Anyway ,Common,HS
16098,Fake Your Own Death ,Common,HS
16099,Rally The Covert ,Uncommon,HS
16100,Slice ,Common,HS
16101,High Stakes ,Uncommon,HS
16102,Ugly ,Rare,HS
16103,Darksaber ,Rare,HS
16104,Amban Blaster ,Rare,HS
16105,Vibroblade ,Rare,HS
16106,Hangar 3-5 - Tatooine ,Common,HS
16107,Krayt Dragon Lair - Tatooine ,Uncommon,HS
16108,Mandalorian Covert - Nevarro ,Common,HS
701001,Grand Inquisitor - Embracing the Darkside ,Rare,EC
701002,Palpatine - Sith Eternal Emperor ,Legendary,EC
701003,Sith Cultist - Emperor's Minion ,Rare,EC
701004,Absorbing the Essence ,Common,EC
701005,Anger Leads To Hate ,Common,EC
701006,Overwhelm ,Uncommon,EC
701007,I Am All The Sith ,Common,EC
701008,Emperor Voices ,Uncommon,EC
701009,Sith Throne ,Uncommon,EC
701010,Force Cataclysm ,Legendary,EC
701011,Inquisitor Lightsaber ,Rare,EC
701012,Droideka ,Rare,EC
701013,Tarkin - Merciless Leader ,Rare,EC
701014,Aggressive Intel ,Common,EC
701015,Fear of this Station ,Common,EC
701016,Far Too Trusting ,Common,EC
701017,Imperial March ,Uncommon,EC
701018,Executrix ,Legendary,EC
701019,TIE Fighter Squadron ,Rare,EC
701020,Aggressive Stance ,Uncommon,EC
701021,Empire's Visionaries ,Common,EC
701022,Imperial Rank ,Rare,EC
701023,Rolling Stance ,Uncommon,EC
701024,Greedo - Off-tempo Mercenary ,Rare,EC
701025,Qi'ra - The New Crimson Dawn ,Legendary,EC
701026,Fooling the Fool ,Common,EC
701027,Hidden in the Shadow ,Common,EC
701028,Rush ,Common,EC
701029,Vicious Move ,Uncommon,EC
701030,Dryden Vos' Blades ,Rare,EC
701031,Greedo's Blaster ,Rare,EC
701032,Ki-Adi-Mundi - Force Wisdom ,Legendary,EC
701033,Qui-Gon Jinn - Unconventional Master ,Rare,EC
701034,Confronting Fear ,Uncommon,EC
701035,Pacify ,Common,EC
701036,Thought Control ,Common,EC
701037,Inner Force ,Uncommon,EC
701038,Luke Skywalker's Spirit ,Rare,EC
701039,Ki-Adi-Mundi's Blue Lightsaber ,Rare,EC
701040,Ki-Adi-Mundi's Green Lightsaber ,Rare,EC
701041,Qui-Gon Jinn's Trick ,Uncommon,EC
701042,Finn - Promoted General ,Rare,EC
701043,Jar Jar Binks - Gungan Representative ,Rare,EC
701044A,Leia Organa - Alderaan Princess ,Rare,EC
701044B,Rescuing a Princess ,Starter,EC
701045,Help me Obi-Wan Kenobi ,Common,EC
701046,Victory is Ahead ,Common,EC
701047,You Came In That Thing? ,Uncommon,EC
701048,Tantive IV ,Legendary,EC
701049,X-Wing ,Rare,EC
701050,Ace Pilot ,Uncommon,EC
701051,Rebel Trooper Blaster ,Rare,EC
701052,Into the Garbage Chute ,Common,EC
701053,Lando Calrissian - Galactic Trickster ,Legendary,EC
701054,Zeb Orrelios - Reliable Teammate ,Rare,EC
701055,Double Dare ,Uncommon,EC
701056,Negotiate ,Common,EC
701057,Millennium Falcon ,Legendary,EC
701058,Bottoms up! ,Rare,EC
701059,Lando Calrissian's Blaster ,Rare,EC
701060,Welcome to the Team ,Common,EC
701061,Force Sensitive Trickster ,Rare,EC
701062,Beguile ,Uncommon,EC
701063,Meditative Truce ,Common,EC
701064,Parry and Riposte ,Common,EC
701065,Saber Quick Draw ,Uncommon,EC
701066,Sharing the Force ,Common,EC
701067,Curved-Hilt Lightsaber ,Rare,EC
701068,Defensive Blast ,Uncommon,EC
701069,Emergency Powers ,Common,EC
701070,Prepare To Fight ,Uncommon,EC
701071,Troop Reinforcement ,Common,EC
701072,Umbaran Starfighter ,Rare,EC
701073,DH-17 Turret ,Rare,EC
701074,Tusken Raider ,Rare,EC
701075,Arrgh! ,Common,EC
701076,Entangle ,Common,EC
701077,Placing A Bet ,Common,EC
701078,Shoot First ,Uncommon,EC
701079,Too Fast For You ,Common,EC
701080,Trading Goods ,Common,EC
701081,A Game of Sabacc ,Uncommon,EC
701082,Bantha ,Rare,EC
701083,Sabacc Trickster ,Rare,EC
701084,Eternal Conflict ,Common,EC
701085A,Leading the Front ,Uncommon,EC
701085B,Team Effort ,Starter,EC
701086,Profitable Connection ,Uncommon,EC
701087,Sith Crypts - Exegol ,Uncommon,EC
701088,Resistance Base - Ajan Kloss ,Common,EC
701089,Sabacc Playroom - Numidian Prime ,Uncommon,EC
701090,Tactical Warzone - Scarif ,Common,EC
702001,Maul - Tyrant of Mandalore ,Rare,PW
702002,You and I ,Common,PW
702003,Maul's Lightsaber ,Legendary,PW
702004,Admiral Trench - Brilliant and Ruthless ,Rare,PW
702005,D-wing Security Droid ,Rare,PW
702006,Overconfident ,Common,PW
702007,Octuptarra Tri-droid ,Rare,PW
702008,Marg Krim - Illustrious Imperator ,Rare,PW
702009,Only The Strongest ,Common,PW
702010,Pay What You Owe ,Uncommon,PW
702011,Efficient Operation ,Uncommon,PW
702012,Ahsoka Tano - Republic's Last Chance ,Legendary,PW
702013,Parting Words ,Common,PW
702014,Ahsoka Tano's Lightsabers ,Rare,PW
702015,The Last Command ,Uncommon,PW
702016A,332nd Clone Trooper ,Rare,PW
702016B,Imperial Clone Trooper ,Starter,PW
702017,Rex - Clone Commander ,Rare,PW
702018,Resisting Order 66 ,Common,PW
702019,Bad Batch ,Legendary,PW
702020,Trace Martez - Seeking Happiness ,Rare,PW
702021,Just a Scratch ,Common,PW
702022,Silver Angel ,Rare,PW
702023,Duel of the Blades ,Uncommon,PW
702024,Jar'kai ,Uncommon,PW
702025,Making Plans ,Common,PW
702026,"Squad, on Me! ",Common,PW
702027,We're in Command ,Uncommon,PW
702028,Battle Strategy Algorithm ,Uncommon,PW
702029,Vandalize ,Common,PW
702030,Illegal Spice Cargo ,Rare,PW
702031,Spice Runners ,Uncommon,PW
702032,Keeradak ,Rare,PW
702033,Pykes' Prison - Oba Diah ,Common,PW
702034,Peace Park - Mandalore ,Uncommon,PW
